Driver,DriverNumber,Team,LapNumber,Stint,Compound,TyreLife,Position,TrackStatus,LapTime_s,Sector1Time_s,Sector2Time_s,Sector3Time_s,year,round,session_type
VER,1,Red Bull Racing,2.0,1.0,SOFT,5.0,1.0,12,97.974,31.342,42.504,24.128,2023,1,R
VER,1,Red Bull Racing,3.0,1.0,SOFT,6.0,1.0,1,98.006,31.388,42.469,24.149,2023,1,R
VER,1,Red Bull Racing,4.0,1.0,SOFT,7.0,1.0,1,97.976,31.271,42.642,24.063,2023,1,R
VER,1,Red Bull Racing,5.0,1.0,SOFT,8.0,1.0,1,98.035,31.244,42.724,24.067,2023,1,R
VER,1,Red Bull Racing,6.0,1.0,SOFT,9.0,1.0,1,97.986,31.341,42.632,24.013,2023,1,R
VER,1,Red Bull Racing,7.0,1.0,SOFT,10.0,1.0,1,98.021,31.29,42.763,23.968,2023,1,R
VER,1,Red Bull Racing,8.0,1.0,SOFT,11.0,1.0,1,98.154,31.291,42.833,24.03,2023,1,R
VER,1,Red Bull Racing,9.0,1.0,SOFT,12.0,1.0,1,98.278,31.336,42.823,24.119,2023,1,R
VER,1,Red Bull Racing,10.0,1.0,SOFT,13.0,1.0,1,98.369,31.361,42.884,24.124,2023,1,R
VER,1,Red Bull Racing,11.0,1.0,SOFT,14.0,1.0,1,98.483,31.342,42.978,24.163,2023,1,R
VER,1,Red Bull Racing,12.0,1.0,SOFT,15.0,1.0,1,98.591,31.408,42.951,24.232,2023,1,R
VER,1,Red Bull Racing,13.0,1.0,SOFT,16.0,1.0,1,98.482,31.389,42.907,24.186,2023,1,R
VER,1,Red Bull Racing,16.0,2.0,SOFT,2.0,2.0,1,97.801,31.209,42.711,23.881,2023,1,R
VER,1,Red Bull Racing,17.0,2.0,SOFT,3.0,2.0,1,97.648,31.17,42.623,23.855,2023,1,R
VER,1,Red Bull Racing,18.0,2.0,SOFT,4.0,1.0,1,97.614,31.211,42.569,23.834,2023,1,R
VER,1,Red Bull Racing,19.0,2.0,SOFT,5.0,1.0,1,97.712,31.243,42.608,23.861,2023,1,R
VER,1,Red Bull Racing,20.0,2.0,SOFT,6.0,1.0,1,97.788,31.186,42.766,23.836,2023,1,R
VER,1,Red Bull Racing,21.0,2.0,SOFT,7.0,1.0,1,97.582,31.168,42.572,23.842,2023,1,R
VER,1,Red Bull Racing,22.0,2.0,SOFT,8.0,1.0,1,97.651,31.224,42.548,23.879,2023,1,R
VER,1,Red Bull Racing,23.0,2.0,SOFT,9.0,1.0,1,97.552,31.153,42.514,23.885,2023,1,R
VER,1,Red Bull Racing,24.0,2.0,SOFT,10.0,1.0,1,97.387,31.145,42.398,23.844,2023,1,R
VER,1,Red Bull Racing,25.0,2.0,SOFT,11.0,1.0,1,97.372,31.145,42.344,23.883,2023,1,R
VER,1,Red Bull Racing,26.0,2.0,SOFT,12.0,1.0,1,97.682,31.213,42.533,23.936,2023,1,R
VER,1,Red Bull Racing,27.0,2.0,SOFT,13.0,1.0,1,97.379,31.079,42.349,23.951,2023,1,R
VER,1,Red Bull Racing,28.0,2.0,SOFT,14.0,1.0,1,97.651,31.112,42.554,23.985,2023,1,R
VER,1,Red Bull Racing,29.0,2.0,SOFT,15.0,1.0,1,97.571,31.045,42.533,23.993,2023,1,R
VER,1,Red Bull Racing,30.0,2.0,SOFT,16.0,1.0,1,97.549,31.185,42.443,23.921,2023,1,R
VER,1,Red Bull Racing,31.0,2.0,SOFT,17.0,1.0,1,97.431,31.04,42.464,23.927,2023,1,R
VER,1,Red Bull Racing,32.0,2.0,SOFT,18.0,1.0,1,97.691,31.139,42.523,24.029,2023,1,R
VER,1,Red Bull Racing,33.0,2.0,SOFT,19.0,1.0,1,97.686,31.112,42.505,24.069,2023,1,R
VER,1,Red Bull Racing,34.0,2.0,SOFT,20.0,1.0,1,97.839,31.129,42.615,24.095,2023,1,R
VER,1,Red Bull Racing,35.0,2.0,SOFT,21.0,1.0,1,97.85,31.211,42.5,24.139,2023,1,R
VER,1,Red Bull Racing,38.0,3.0,HARD,2.0,1.0,1,96.297,31.034,41.772,23.491,2023,1,R
VER,1,Red Bull Racing,39.0,3.0,HARD,3.0,1.0,1,96.446,30.818,42.125,23.503,2023,1,R
VER,1,Red Bull Racing,40.0,3.0,HARD,4.0,1.0,1,96.942,31.175,42.247,23.52,2023,1,R
VER,1,Red Bull Racing,43.0,3.0,HARD,7.0,1.0,1,96.89,31.13,42.295,23.465,2023,1,R
VER,1,Red Bull Racing,44.0,3.0,HARD,8.0,1.0,1,96.236,30.783,42.005,23.448,2023,1,R
VER,1,Red Bull Racing,45.0,3.0,HARD,9.0,1.0,1,97.015,31.079,42.221,23.715,2023,1,R
VER,1,Red Bull Racing,46.0,3.0,HARD,10.0,1.0,1,96.701,31.03,42.003,23.668,2023,1,R
VER,1,Red Bull Racing,47.0,3.0,HARD,11.0,1.0,1,97.009,31.094,42.205,23.71,2023,1,R
VER,1,Red Bull Racing,48.0,3.0,HARD,12.0,1.0,1,96.918,31.01,42.199,23.709,2023,1,R
VER,1,Red Bull Racing,49.0,3.0,HARD,13.0,1.0,1,96.962,31.124,42.026,23.812,2023,1,R
VER,1,Red Bull Racing,50.0,3.0,HARD,14.0,1.0,1,97.25,31.07,42.375,23.805,2023,1,R
VER,1,Red Bull Racing,51.0,3.0,HARD,15.0,1.0,1,97.427,31.154,42.202,24.071,2023,1,R
VER,1,Red Bull Racing,52.0,3.0,HARD,16.0,1.0,1,96.919,31.033,42.133,23.753,2023,1,R
VER,1,Red Bull Racing,53.0,3.0,HARD,17.0,1.0,1,96.89,30.906,42.217,23.767,2023,1,R
VER,1,Red Bull Racing,54.0,3.0,HARD,18.0,1.0,1,96.678,30.988,41.938,23.752,2023,1,R
VER,1,Red Bull Racing,55.0,3.0,HARD,19.0,1.0,1,96.322,30.964,41.747,23.611,2023,1,R
VER,1,Red Bull Racing,56.0,3.0,HARD,20.0,1.0,1,97.205,31.091,42.27,23.844,2023,1,R
VER,1,Red Bull Racing,57.0,3.0,HARD,21.0,1.0,1,96.373,30.96,41.763,23.65,2023,1,R
GAS,10,Alpine,2.0,1.0,SOFT,2.0,18.0,21,100.438,31.738,43.938,24.762,2023,1,R
GAS,10,Alpine,3.0,1.0,SOFT,3.0,18.0,1,100.643,31.8,44.083,24.76,2023,1,R
GAS,10,Alpine,4.0,1.0,SOFT,4.0,18.0,1,100.894,31.514,44.492,24.888,2023,1,R
GAS,10,Alpine,5.0,1.0,SOFT,5.0,18.0,1,100.818,31.705,44.192,24.921,2023,1,R
GAS,10,Alpine,6.0,1.0,SOFT,6.0,18.0,1,101.11,31.573,44.534,25.003,2023,1,R
GAS,10,Alpine,7.0,1.0,SOFT,7.0,18.0,1,101.134,31.604,44.49,25.04,2023,1,R
GAS,10,Alpine,8.0,1.0,SOFT,8.0,18.0,1,101.173,31.773,44.275,25.125,2023,1,R
GAS,10,Alpine,11.0,2.0,HARD,2.0,19.0,1,98.762,31.455,43.098,24.209,2023,1,R
GAS,10,Alpine,12.0,2.0,HARD,3.0,17.0,1,98.928,31.57,43.066,24.292,2023,1,R
GAS,10,Alpine,13.0,2.0,HARD,4.0,14.0,1,99.349,31.744,43.26,24.345,2023,1,R
GAS,10,Alpine,14.0,2.0,HARD,5.0,14.0,1,98.859,31.518,43.043,24.298,2023,1,R
GAS,10,Alpine,15.0,2.0,HARD,6.0,14.0,1,98.985,31.398,43.252,24.335,2023,1,R
GAS,10,Alpine,16.0,2.0,HARD,7.0,12.0,1,98.945,31.514,43.137,24.294,2023,1,R
GAS,10,Alpine,17.0,2.0,HARD,8.0,12.0,1,99.011,31.527,43.151,24.333,2023,1,R
GAS,10,Alpine,18.0,2.0,HARD,9.0,12.0,1,99.029,31.515,43.068,24.446,2023,1,R
GAS,10,Alpine,19.0,2.0,HARD,10.0,12.0,1,99.066,31.571,43.098,24.397,2023,1,R
GAS,10,Alpine,20.0,2.0,HARD,11.0,12.0,1,99.017,31.481,43.179,24.357,2023,1,R
GAS,10,Alpine,21.0,2.0,HARD,12.0,12.0,1,99.327,31.671,43.328,24.328,2023,1,R
GAS,10,Alpine,22.0,2.0,HARD,13.0,12.0,1,99.485,31.609,43.483,24.393,2023,1,R
GAS,10,Alpine,23.0,2.0,HARD,14.0,12.0,1,99.263,31.538,43.32,24.405,2023,1,R
GAS,10,Alpine,24.0,2.0,HARD,15.0,12.0,1,99.761,31.721,43.505,24.535,2023,1,R
GAS,10,Alpine,27.0,3.0,HARD,2.0,15.0,1,98.729,31.836,42.851,24.042,2023,1,R
GAS,10,Alpine,28.0,3.0,HARD,3.0,14.0,1,97.761,31.006,42.656,24.099,2023,1,R
GAS,10,Alpine,29.0,3.0,HARD,4.0,14.0,1,98.012,31.178,42.696,24.138,2023,1,R
GAS,10,Alpine,30.0,3.0,HARD,5.0,13.0,1,97.76,30.885,42.716,24.159,2023,1,R
GAS,10,Alpine,31.0,3.0,HARD,6.0,12.0,1,97.968,30.971,42.877,24.12,2023,1,R
GAS,10,Alpine,32.0,3.0,HARD,7.0,12.0,1,98.012,30.969,42.824,24.219,2023,1,R
GAS,10,Alpine,33.0,3.0,HARD,8.0,11.0,1,97.974,30.942,42.828,24.204,2023,1,R
GAS,10,Alpine,34.0,3.0,HARD,9.0,11.0,1,98.022,30.947,42.874,24.201,2023,1,R
GAS,10,Alpine,35.0,3.0,HARD,10.0,11.0,1,98.088,31.01,42.851,24.227,2023,1,R
GAS,10,Alpine,36.0,3.0,HARD,11.0,11.0,1,98.184,31.045,42.821,24.318,2023,1,R
GAS,10,Alpine,37.0,3.0,HARD,12.0,11.0,1,98.133,31.117,42.864,24.152,2023,1,R
GAS,10,Alpine,38.0,3.0,HARD,13.0,11.0,1,98.108,31.025,42.822,24.261,2023,1,R
GAS,10,Alpine,39.0,3.0,HARD,14.0,11.0,1,98.537,31.183,43.08,24.274,2023,1,R
GAS,10,Alpine,42.0,4.0,SOFT,2.0,9.0,1,95.068,30.069,41.393,23.606,2023,1,R
GAS,10,Alpine,45.0,4.0,SOFT,5.0,9.0,1,96.186,30.874,41.775,23.537,2023,1,R
GAS,10,Alpine,46.0,4.0,SOFT,6.0,9.0,1,96.041,30.831,41.707,23.503,2023,1,R
GAS,10,Alpine,47.0,4.0,SOFT,7.0,9.0,1,96.12,30.806,41.735,23.579,2023,1,R
GAS,10,Alpine,48.0,4.0,SOFT,8.0,9.0,1,96.368,30.909,41.693,23.766,2023,1,R
GAS,10,Alpine,49.0,4.0,SOFT,9.0,9.0,1,96.803,31.008,42.102,23.693,2023,1,R
GAS,10,Alpine,50.0,4.0,SOFT,10.0,9.0,1,96.551,30.972,41.874,23.705,2023,1,R
GAS,10,Alpine,51.0,4.0,SOFT,11.0,9.0,1,96.635,30.941,41.896,23.798000000000002,2023,1,R
GAS,10,Alpine,52.0,4.0,SOFT,12.0,9.0,1,96.891,30.878,42.136,23.877,2023,1,R
GAS,10,Alpine,53.0,4.0,SOFT,13.0,9.0,1,96.979,30.964,42.046,23.969,2023,1,R
GAS,10,Alpine,54.0,4.0,SOFT,14.0,9.0,1,97.222,31.101,42.251,23.87,2023,1,R
GAS,10,Alpine,55.0,4.0,SOFT,15.0,9.0,1,97.559,31.1,42.422,24.037,2023,1,R
GAS,10,Alpine,56.0,4.0,SOFT,16.0,9.0,1,97.845,31.196,42.539,24.11,2023,1,R
GAS,10,Alpine,57.0,4.0,SOFT,17.0,9.0,1,98.147,31.26,42.631,24.256,2023,1,R
PER,11,Red Bull Racing,2.0,1.0,SOFT,5.0,3.0,21,98.862,31.532,43.116,24.214,2023,1,R
PER,11,Red Bull Racing,3.0,1.0,SOFT,6.0,3.0,1,98.83,31.397,43.146,24.287,2023,1,R
PER,11,Red Bull Racing,4.0,1.0,SOFT,7.0,3.0,1,98.758,31.404,43.108,24.246,2023,1,R
PER,11,Red Bull Racing,5.0,1.0,SOFT,8.0,3.0,1,98.404,31.231,42.944,24.229,2023,1,R
PER,11,Red Bull Racing,6.0,1.0,SOFT,9.0,3.0,1,98.718,31.276,43.043,24.399,2023,1,R
PER,11,Red Bull Racing,7.0,1.0,SOFT,10.0,3.0,1,98.804,31.214,43.174,24.416,2023,1,R
PER,11,Red Bull Racing,8.0,1.0,SOFT,11.0,3.0,1,99.172,31.58,43.193,24.399,2023,1,R
PER,11,Red Bull Racing,9.0,1.0,SOFT,12.0,3.0,1,98.914,31.464,43.077,24.373,2023,1,R
PER,11,Red Bull Racing,10.0,1.0,SOFT,13.0,3.0,1,99.085,31.434,43.27,24.381,2023,1,R
PER,11,Red Bull Racing,11.0,1.0,SOFT,14.0,3.0,1,99.249,31.632,43.188,24.429,2023,1,R
PER,11,Red Bull Racing,12.0,1.0,SOFT,15.0,3.0,1,99.197,31.527,43.252,24.418,2023,1,R
PER,11,Red Bull Racing,13.0,1.0,SOFT,16.0,2.0,1,99.336,31.57,43.298,24.468,2023,1,R
PER,11,Red Bull Racing,14.0,1.0,SOFT,17.0,2.0,1,98.739,31.411,42.993,24.335,2023,1,R
PER,11,Red Bull Racing,15.0,1.0,SOFT,18.0,1.0,1,98.608,31.441,42.89,24.277,2023,1,R
PER,11,Red Bull Racing,16.0,1.0,SOFT,19.0,1.0,1,98.77,31.469,43.019,24.282,2023,1,R
PER,11,Red Bull Racing,19.0,2.0,SOFT,4.0,3.0,1,97.659,31.164,42.653,23.842,2023,1,R
PER,11,Red Bull Racing,20.0,2.0,SOFT,5.0,3.0,1,97.448,30.978,42.696,23.774,2023,1,R
PER,11,Red Bull Racing,21.0,2.0,SOFT,6.0,3.0,1,97.24,30.982,42.507,23.751,2023,1,R
PER,11,Red Bull Racing,22.0,2.0,SOFT,7.0,3.0,1,97.169,30.956,42.354,23.859,2023,1,R
PER,11,Red Bull Racing,23.0,2.0,SOFT,8.0,3.0,1,97.304,31.057,42.415,23.832,2023,1,R
PER,11,Red Bull Racing,24.0,2.0,SOFT,9.0,3.0,1,97.352,31.142,42.243,23.967,2023,1,R
PER,11,Red Bull Racing,25.0,2.0,SOFT,10.0,3.0,1,98.418,31.176,42.937,24.305,2023,1,R
PER,11,Red Bull Racing,26.0,2.0,SOFT,11.0,2.0,1,97.454,30.903,42.667,23.884,2023,1,R
PER,11,Red Bull Racing,27.0,2.0,SOFT,12.0,2.0,1,97.387,30.97,42.639,23.778,2023,1,R
PER,11,Red Bull Racing,28.0,2.0,SOFT,13.0,2.0,1,97.211,31.052,42.274,23.885,2023,1,R
PER,11,Red Bull Racing,29.0,2.0,SOFT,14.0,2.0,1,97.733,31.166,42.675,23.892,2023,1,R
PER,11,Red Bull Racing,30.0,2.0,SOFT,15.0,2.0,1,97.4,31.031,42.483,23.886,2023,1,R
PER,11,Red Bull Racing,31.0,2.0,SOFT,16.0,2.0,1,97.919,31.246,42.722,23.951,2023,1,R
PER,11,Red Bull Racing,32.0,2.0,SOFT,17.0,2.0,1,97.722,31.106,42.637,23.979,2023,1,R
PER,11,Red Bull Racing,33.0,2.0,SOFT,18.0,2.0,1,97.869,31.229,42.546,24.094,2023,1,R
PER,11,Red Bull Racing,36.0,3.0,HARD,2.0,2.0,1,96.82,30.908,42.254,23.658,2023,1,R
PER,11,Red Bull Racing,37.0,3.0,HARD,3.0,2.0,1,96.344,30.919,41.914,23.511,2023,1,R
PER,11,Red Bull Racing,38.0,3.0,HARD,4.0,2.0,1,96.431,30.847,42.011,23.573,2023,1,R
PER,11,Red Bull Racing,39.0,3.0,HARD,5.0,2.0,1,96.429,30.833,42.027,23.569,2023,1,R
PER,11,Red Bull Racing,40.0,3.0,HARD,6.0,2.0,1,97.114,30.926,42.564,23.624,2023,1,R
PER,11,Red Bull Racing,43.0,3.0,HARD,9.0,2.0,1,96.554,30.774,42.092,23.688,2023,1,R
PER,11,Red Bull Racing,44.0,3.0,HARD,10.0,2.0,1,96.978,31.055,42.36,23.563,2023,1,R
PER,11,Red Bull Racing,45.0,3.0,HARD,11.0,2.0,1,96.928,30.944,42.434,23.55,2023,1,R
PER,11,Red Bull Racing,46.0,3.0,HARD,12.0,2.0,1,97.257,30.914,42.496,23.847,2023,1,R
PER,11,Red Bull Racing,47.0,3.0,HARD,13.0,2.0,1,96.661,30.929,42.049,23.683,2023,1,R
PER,11,Red Bull Racing,48.0,3.0,HARD,14.0,2.0,1,96.859,31.01,42.316,23.533,2023,1,R
PER,11,Red Bull Racing,49.0,3.0,HARD,15.0,2.0,1,97.049,30.944,42.495,23.61,2023,1,R
PER,11,Red Bull Racing,50.0,3.0,HARD,16.0,2.0,1,97.731,31.251,42.646,23.834,2023,1,R
PER,11,Red Bull Racing,51.0,3.0,HARD,17.0,2.0,1,97.049,31.153,42.153,23.743,2023,1,R
PER,11,Red Bull Racing,52.0,3.0,HARD,18.0,2.0,1,97.062,31.147,42.086,23.829,2023,1,R
PER,11,Red Bull Racing,53.0,3.0,HARD,19.0,2.0,1,97.345,31.094,42.383,23.868,2023,1,R
PER,11,Red Bull Racing,54.0,3.0,HARD,20.0,2.0,1,97.296,31.25,42.257,23.789,2023,1,R
PER,11,Red Bull Racing,55.0,3.0,HARD,21.0,2.0,1,97.092,31.084,42.076,23.932,2023,1,R
PER,11,Red Bull Racing,56.0,3.0,HARD,22.0,2.0,1,96.565,31.165,41.786,23.614,2023,1,R
PER,11,Red Bull Racing,57.0,3.0,HARD,23.0,2.0,1,96.558,30.969,41.799,23.79,2023,1,R
ALO,14,Aston Martin,2.0,1.0,SOFT,5.0,7.0,21,99.792,31.743,43.626,24.423,2023,1,R
ALO,14,Aston Martin,3.0,1.0,SOFT,6.0,7.0,1,99.1,31.541,43.276,24.283,2023,1,R
ALO,14,Aston Martin,4.0,1.0,SOFT,7.0,7.0,1,99.548,31.723,43.457,24.368,2023,1,R
ALO,14,Aston Martin,5.0,1.0,SOFT,8.0,7.0,1,99.662,31.705,43.553,24.404,2023,1,R
ALO,14,Aston Martin,6.0,1.0,SOFT,9.0,7.0,1,99.674,31.695,43.482,24.497,2023,1,R
ALO,14,Aston Martin,7.0,1.0,SOFT,10.0,7.0,1,99.729,31.675,43.494,24.56,2023,1,R
ALO,14,Aston Martin,8.0,1.0,SOFT,11.0,7.0,1,99.959,31.674,43.675,24.61,2023,1,R
ALO,14,Aston Martin,9.0,1.0,SOFT,12.0,7.0,1,100.275,31.774,43.819,24.682,2023,1,R
ALO,14,Aston Martin,10.0,1.0,SOFT,13.0,7.0,1,100.203,31.505,43.905,24.793,2023,1,R
ALO,14,Aston Martin,11.0,1.0,SOFT,14.0,7.0,1,101.147,31.657,44.321,25.169,2023,1,R
ALO,14,Aston Martin,12.0,1.0,SOFT,15.0,6.0,1,100.934,31.789,44.062,25.083,2023,1,R
ALO,14,Aston Martin,13.0,1.0,SOFT,16.0,5.0,1,100.341,31.823,43.946,24.572,2023,1,R
ALO,14,Aston Martin,16.0,2.0,HARD,2.0,7.0,1,97.542,31.154,42.459,23.929,2023,1,R
ALO,14,Aston Martin,17.0,2.0,HARD,3.0,6.0,1,98.139,30.946,43.197,23.996,2023,1,R
ALO,14,Aston Martin,18.0,2.0,HARD,4.0,6.0,1,98.124,31.3,42.737,24.087,2023,1,R
ALO,14,Aston Martin,19.0,2.0,HARD,5.0,6.0,1,98.361,31.313,42.965,24.083,2023,1,R
ALO,14,Aston Martin,20.0,2.0,HARD,6.0,6.0,1,98.318,31.337,42.915,24.066,2023,1,R
ALO,14,Aston Martin,21.0,2.0,HARD,7.0,6.0,1,98.407,31.383,42.994,24.03,2023,1,R
ALO,14,Aston Martin,22.0,2.0,HARD,8.0,6.0,1,98.2,31.364,42.853,23.983,2023,1,R
ALO,14,Aston Martin,23.0,2.0,HARD,9.0,6.0,1,97.853,31.14,42.63,24.083,2023,1,R
ALO,14,Aston Martin,24.0,2.0,HARD,10.0,6.0,1,97.878,31.237,42.611,24.03,2023,1,R
ALO,14,Aston Martin,25.0,2.0,HARD,11.0,6.0,1,98.139,31.315,42.669,24.155,2023,1,R
ALO,14,Aston Martin,26.0,2.0,HARD,12.0,6.0,1,98.127,31.267,42.694,24.166,2023,1,R
ALO,14,Aston Martin,27.0,2.0,HARD,13.0,6.0,1,98.612,31.395,43.114,24.103,2023,1,R
ALO,14,Aston Martin,28.0,2.0,HARD,14.0,6.0,1,98.199,31.345,42.758,24.096,2023,1,R
ALO,14,Aston Martin,29.0,2.0,HARD,15.0,6.0,1,98.585,31.49,42.916,24.179,2023,1,R
ALO,14,Aston Martin,30.0,2.0,HARD,16.0,5.0,1,98.282,31.37,42.711,24.201,2023,1,R
ALO,14,Aston Martin,31.0,2.0,HARD,17.0,5.0,1,98.009,31.257,42.663,24.089,2023,1,R
ALO,14,Aston Martin,32.0,2.0,HARD,18.0,4.0,1,97.871,31.335,42.558,23.978,2023,1,R
ALO,14,Aston Martin,33.0,2.0,HARD,19.0,4.0,1,97.769,31.266,42.549,23.954,2023,1,R
ALO,14,Aston Martin,36.0,3.0,HARD,2.0,6.0,1,96.156,30.895,41.462,23.799,2023,1,R
ALO,14,Aston Martin,37.0,3.0,HARD,3.0,6.0,1,97.431,31.186,42.184,24.061,2023,1,R
ALO,14,Aston Martin,38.0,3.0,HARD,4.0,5.0,1,97.002,30.763,42.308,23.931,2023,1,R
ALO,14,Aston Martin,39.0,3.0,HARD,5.0,5.0,1,97.243,31.244,42.303,23.696,2023,1,R
ALO,14,Aston Martin,40.0,3.0,HARD,6.0,4.0,12,97.208,31.221,42.306,23.681,2023,1,R
ALO,14,Aston Martin,42.0,3.0,HARD,8.0,4.0,1,96.334,30.908,41.746,23.68,2023,1,R
ALO,14,Aston Martin,43.0,3.0,HARD,9.0,4.0,1,96.911,30.956,42.096,23.859,2023,1,R
ALO,14,Aston Martin,44.0,3.0,HARD,10.0,4.0,1,97.022,30.817,42.208,23.997,2023,1,R
ALO,14,Aston Martin,45.0,3.0,HARD,11.0,3.0,1,97.931,31.048,43.229,23.654,2023,1,R
ALO,14,Aston Martin,46.0,3.0,HARD,12.0,3.0,1,97.087,31.144,42.162,23.781,2023,1,R
ALO,14,Aston Martin,47.0,3.0,HARD,13.0,3.0,1,97.326,31.293,42.342,23.691,2023,1,R
ALO,14,Aston Martin,48.0,3.0,HARD,14.0,3.0,1,96.783,31.076,41.97,23.737,2023,1,R
ALO,14,Aston Martin,49.0,3.0,HARD,15.0,3.0,1,96.726,31.058,41.981,23.687,2023,1,R
ALO,14,Aston Martin,50.0,3.0,HARD,16.0,3.0,1,96.331,30.933,41.764,23.634,2023,1,R
ALO,14,Aston Martin,51.0,3.0,HARD,17.0,3.0,1,96.96,31.158,42.005,23.797,2023,1,R
ALO,14,Aston Martin,52.0,3.0,HARD,18.0,3.0,1,97.01,31.043,42.243,23.724,2023,1,R
ALO,14,Aston Martin,53.0,3.0,HARD,19.0,3.0,1,97.01,31.159,42.135,23.716,2023,1,R
ALO,14,Aston Martin,54.0,3.0,HARD,20.0,3.0,1,97.599,31.305,42.469,23.825,2023,1,R
ALO,14,Aston Martin,55.0,3.0,HARD,21.0,3.0,1,97.662,31.237,42.575,23.85,2023,1,R
ALO,14,Aston Martin,56.0,3.0,HARD,22.0,3.0,1,97.473,31.425,42.157,23.891,2023,1,R
ALO,14,Aston Martin,57.0,3.0,HARD,23.0,3.0,1,97.422,31.421,42.088,23.913,2023,1,R
LEC,16,Ferrari,2.0,1.0,SOFT,2.0,2.0,21,98.75,31.407,43.127,24.216,2023,1,R
LEC,16,Ferrari,3.0,1.0,SOFT,3.0,2.0,1,98.658,31.238,43.103,24.317,2023,1,R
LEC,16,Ferrari,4.0,1.0,SOFT,4.0,2.0,1,98.825,31.402,43.15,24.273,2023,1,R
LEC,16,Ferrari,5.0,1.0,SOFT,5.0,2.0,1,98.664,31.543,42.943,24.178,2023,1,R
LEC,16,Ferrari,6.0,1.0,SOFT,6.0,2.0,1,98.572,31.444,43.037,24.091,2023,1,R
LEC,16,Ferrari,7.0,1.0,SOFT,7.0,2.0,1,98.691,31.441,43.08,24.17,2023,1,R
LEC,16,Ferrari,9.0,1.0,SOFT,9.0,2.0,1,98.828,31.503,43.09,24.235,2023,1,R
LEC,16,Ferrari,10.0,1.0,SOFT,10.0,2.0,1,99.073,31.51,43.274,24.289,2023,1,R
LEC,16,Ferrari,11.0,1.0,SOFT,11.0,2.0,1,99.212,31.556,43.28,24.376,2023,1,R
LEC,16,Ferrari,12.0,1.0,SOFT,12.0,2.0,1,99.489,31.597,43.406,24.486,2023,1,R
LEC,16,Ferrari,15.0,2.0,HARD,2.0,3.0,1,98.477,31.261,43.184,24.032,2023,1,R
LEC,16,Ferrari,16.0,2.0,HARD,3.0,3.0,1,97.953,30.859,42.965,24.129,2023,1,R
LEC,16,Ferrari,17.0,2.0,HARD,4.0,3.0,1,98.031,31.312,42.722,23.997,2023,1,R
LEC,16,Ferrari,18.0,2.0,HARD,5.0,2.0,1,97.798,31.207,42.696,23.895,2023,1,R
LEC,16,Ferrari,19.0,2.0,HARD,6.0,2.0,1,97.858,31.149,42.743,23.966,2023,1,R
LEC,16,Ferrari,20.0,2.0,HARD,7.0,2.0,1,97.631,31.166,42.561,23.904,2023,1,R
LEC,16,Ferrari,21.0,2.0,HARD,8.0,2.0,1,97.753,31.114,42.726,23.913,2023,1,R
LEC,16,Ferrari,22.0,2.0,HARD,9.0,2.0,1,98.162,31.499,42.618,24.045,2023,1,R
LEC,16,Ferrari,23.0,2.0,HARD,10.0,2.0,1,98.054,31.209,42.95,23.895,2023,1,R
LEC,16,Ferrari,24.0,2.0,HARD,11.0,2.0,1,97.972,31.197,42.742,24.033,2023,1,R
LEC,16,Ferrari,25.0,2.0,HARD,12.0,2.0,1,98.541,31.344,43.046,24.151,2023,1,R
LEC,16,Ferrari,26.0,2.0,HARD,13.0,3.0,1,99.668,32.247,43.143,24.278,2023,1,R
LEC,16,Ferrari,27.0,2.0,HARD,14.0,3.0,1,98.814,31.412,43.168,24.234,2023,1,R
LEC,16,Ferrari,28.0,2.0,HARD,15.0,3.0,1,98.618,31.382,43.081,24.155,2023,1,R
LEC,16,Ferrari,29.0,2.0,HARD,16.0,3.0,1,98.447,31.394,42.964,24.089,2023,1,R
LEC,16,Ferrari,30.0,2.0,HARD,17.0,3.0,1,98.39,31.339,42.887,24.164,2023,1,R
LEC,16,Ferrari,31.0,2.0,HARD,18.0,3.0,1,98.746,31.444,43.121,24.181,2023,1,R
LEC,16,Ferrari,32.0,2.0,HARD,19.0,3.0,1,98.948,31.506,43.272,24.17,2023,1,R
LEC,16,Ferrari,35.0,3.0,HARD,2.0,3.0,1,98.073,31.528,42.729,23.816,2023,1,R
LEC,16,Ferrari,36.0,3.0,HARD,3.0,3.0,1,97.313,31.07,42.615,23.628,2023,1,R
LEC,16,Ferrari,37.0,3.0,HARD,4.0,3.0,1,97.17,31.07,42.385,23.715,2023,1,R
LEC,16,Ferrari,38.0,3.0,HARD,5.0,3.0,1,97.17,31.091,42.444,23.635,2023,1,R
LEC,16,Ferrari,39.0,3.0,HARD,6.0,3.0,1,97.287,31.103,42.564,23.62,2023,1,R
STR,18,Aston Martin,2.0,1.0,SOFT,5.0,9.0,21,99.892,31.685,43.58,24.627,2023,1,R
STR,18,Aston Martin,3.0,1.0,SOFT,6.0,9.0,1,99.625,31.501,43.471,24.653,2023,1,R
STR,18,Aston Martin,4.0,1.0,SOFT,7.0,9.0,1,99.745,31.274,43.798,24.673000000000002,2023,1,R
STR,18,Aston Martin,5.0,1.0,SOFT,8.0,8.0,1,99.144,31.135,43.479,24.53,2023,1,R
STR,18,Aston Martin,6.0,1.0,SOFT,9.0,8.0,1,99.714,31.536,43.59,24.588,2023,1,R
STR,18,Aston Martin,7.0,1.0,SOFT,10.0,8.0,1,99.945,31.558,43.832,24.555,2023,1,R
STR,18,Aston Martin,8.0,1.0,SOFT,11.0,8.0,1,99.801,31.619,43.524,24.658,2023,1,R
STR,18,Aston Martin,9.0,1.0,SOFT,12.0,8.0,1,100.106,31.709,43.736,24.661,2023,1,R
STR,18,Aston Martin,10.0,1.0,SOFT,13.0,8.0,1,100.192,31.714,43.754,24.724,2023,1,R
STR,18,Aston Martin,11.0,1.0,SOFT,14.0,8.0,1,100.923,31.837,44.225,24.861,2023,1,R
STR,18,Aston Martin,12.0,1.0,SOFT,15.0,8.0,1,101.039,31.929,44.125,24.985,2023,1,R
STR,18,Aston Martin,13.0,1.0,SOFT,16.0,6.0,1,101.12,31.882,44.192,25.046,2023,1,R
STR,18,Aston Martin,14.0,1.0,SOFT,17.0,3.0,1,100.002,31.565,43.743,24.694,2023,1,R
STR,18,Aston Martin,17.0,2.0,HARD,2.0,9.0,1,97.507,31.247,42.341,23.919,2023,1,R
STR,18,Aston Martin,18.0,2.0,HARD,3.0,9.0,1,98.127,31.4,42.53,24.197,2023,1,R
STR,18,Aston Martin,19.0,2.0,HARD,4.0,9.0,1,98.587,31.275,42.792,24.52,2023,1,R
STR,18,Aston Martin,20.0,2.0,HARD,5.0,8.0,1,98.038,31.031,42.815,24.192,2023,1,R
STR,18,Aston Martin,21.0,2.0,HARD,6.0,8.0,1,98.273,31.172,42.998,24.103,2023,1,R
STR,18,Aston Martin,22.0,2.0,HARD,7.0,8.0,1,98.73,31.338,43.254,24.138,2023,1,R
STR,18,Aston Martin,23.0,2.0,HARD,8.0,8.0,1,98.295,31.348,42.818,24.129,2023,1,R
STR,18,Aston Martin,24.0,2.0,HARD,9.0,8.0,1,98.478,31.28,42.995,24.203,2023,1,R
STR,18,Aston Martin,25.0,2.0,HARD,10.0,8.0,1,98.25,31.174,42.928,24.148,2023,1,R
STR,18,Aston Martin,26.0,2.0,HARD,11.0,8.0,1,98.482,31.203,43.13,24.149,2023,1,R
STR,18,Aston Martin,27.0,2.0,HARD,12.0,8.0,1,99.021,31.177,43.506,24.338,2023,1,R
STR,18,Aston Martin,28.0,2.0,HARD,13.0,8.0,1,98.723,31.475,43.02,24.228,2023,1,R
STR,18,Aston Martin,29.0,2.0,HARD,14.0,8.0,1,98.71,31.461,42.966,24.283,2023,1,R
STR,18,Aston Martin,32.0,3.0,HARD,2.0,7.0,1,96.546,30.853,41.993,23.7,2023,1,R
STR,18,Aston Martin,33.0,3.0,HARD,3.0,7.0,1,97.21,31.057,42.487,23.666,2023,1,R
STR,18,Aston Martin,34.0,3.0,HARD,4.0,7.0,1,97.168,30.988,42.474,23.706,2023,1,R
STR,18,Aston Martin,35.0,3.0,HARD,5.0,7.0,1,97.521,31.167,42.568,23.786,2023,1,R
STR,18,Aston Martin,36.0,3.0,HARD,6.0,7.0,1,97.72,31.025,42.848,23.847,2023,1,R
STR,18,Aston Martin,37.0,3.0,HARD,7.0,7.0,1,97.68,31.117,42.684,23.879,2023,1,R
STR,18,Aston Martin,38.0,3.0,HARD,8.0,7.0,1,97.274,31.062,42.463,23.749,2023,1,R
STR,18,Aston Martin,39.0,3.0,HARD,9.0,7.0,1,97.456,31.045,42.644,23.767,2023,1,R
STR,18,Aston Martin,42.0,3.0,HARD,12.0,6.0,1,97.298,31.035,42.477,23.786,2023,1,R
STR,18,Aston Martin,43.0,3.0,HARD,13.0,6.0,1,97.304,31.123,42.318,23.863,2023,1,R
STR,18,Aston Martin,44.0,3.0,HARD,14.0,6.0,1,97.299,31.066,42.331,23.902,2023,1,R
STR,18,Aston Martin,45.0,3.0,HARD,15.0,6.0,1,97.222,31.017,42.39,23.815,2023,1,R
STR,18,Aston Martin,46.0,3.0,HARD,16.0,6.0,1,97.562,31.04,42.675,23.847,2023,1,R
STR,18,Aston Martin,47.0,3.0,HARD,17.0,6.0,1,97.257,31.043,42.368,23.846,2023,1,R
STR,18,Aston Martin,48.0,3.0,HARD,18.0,6.0,1,97.448,31.146,42.393,23.909,2023,1,R
STR,18,Aston Martin,49.0,3.0,HARD,19.0,6.0,1,97.551,31.106,42.536,23.909,2023,1,R
STR,18,Aston Martin,50.0,3.0,HARD,20.0,6.0,1,97.388,31.03,42.331,24.027,2023,1,R
STR,18,Aston Martin,51.0,3.0,HARD,21.0,6.0,1,97.866,31.108,42.709,24.049,2023,1,R
STR,18,Aston Martin,52.0,3.0,HARD,22.0,6.0,1,97.579,31.121,42.501,23.957,2023,1,R
STR,18,Aston Martin,53.0,3.0,HARD,23.0,6.0,1,98.379,31.162,43.275,23.942,2023,1,R
STR,18,Aston Martin,54.0,3.0,HARD,24.0,6.0,1,97.597,31.11,42.373,24.114,2023,1,R
STR,18,Aston Martin,55.0,3.0,HARD,25.0,6.0,1,97.701,31.149,42.517,24.035,2023,1,R
STR,18,Aston Martin,56.0,3.0,HARD,26.0,6.0,1,98.11,31.287,42.737,24.086,2023,1,R
STR,18,Aston Martin,57.0,3.0,HARD,27.0,6.0,1,97.991,31.194,42.65,24.147,2023,1,R
SAR,2,Williams,2.0,1.0,SOFT,2.0,13.0,21,100.467,31.795,43.956,24.716,2023,1,R
SAR,2,Williams,3.0,1.0,SOFT,3.0,13.0,1,100.349,31.746,43.8,24.803,2023,1,R
SAR,2,Williams,4.0,1.0,SOFT,4.0,13.0,1,100.644,31.421,44.124,25.099,2023,1,R
SAR,2,Williams,5.0,1.0,SOFT,5.0,13.0,1,100.902,31.603,44.497,24.802,2023,1,R
SAR,2,Williams,6.0,1.0,SOFT,6.0,13.0,1,100.791,31.776,44.129,24.886,2023,1,R
SAR,2,Williams,7.0,1.0,SOFT,7.0,13.0,1,100.892,31.801,44.19,24.901,2023,1,R
SAR,2,Williams,8.0,1.0,SOFT,8.0,13.0,1,100.868,31.647,44.392,24.829,2023,1,R
SAR,2,Williams,9.0,1.0,SOFT,9.0,13.0,1,100.908,31.948,44.066,24.894,2023,1,R
SAR,2,Williams,10.0,1.0,SOFT,10.0,12.0,1,101.133,31.594,44.481,25.058,2023,1,R
SAR,2,Williams,11.0,1.0,SOFT,11.0,11.0,1,101.532,32.122,44.37,25.04,2023,1,R
SAR,2,Williams,14.0,2.0,SOFT,2.0,15.0,1,98.413,31.156,42.959,24.298,2023,1,R
SAR,2,Williams,15.0,2.0,SOFT,3.0,15.0,1,99.033,31.192,43.462,24.379,2023,1,R
SAR,2,Williams,16.0,2.0,SOFT,4.0,13.0,1,98.988,31.239,43.299,24.45,2023,1,R
SAR,2,Williams,17.0,2.0,SOFT,5.0,13.0,1,99.439,31.439,43.542,24.458,2023,1,R
SAR,2,Williams,18.0,2.0,SOFT,6.0,13.0,1,99.399,31.497,43.423,24.479,2023,1,R
SAR,2,Williams,19.0,2.0,SOFT,7.0,13.0,1,99.22,31.3,43.546,24.374,2023,1,R
SAR,2,Williams,20.0,2.0,SOFT,8.0,13.0,1,99.186,31.337,43.39,24.459,2023,1,R
SAR,2,Williams,21.0,2.0,SOFT,9.0,13.0,1,99.612,31.466,43.62,24.526,2023,1,R
SAR,2,Williams,22.0,2.0,SOFT,10.0,13.0,1,99.362,31.385,43.461,24.516,2023,1,R
SAR,2,Williams,23.0,2.0,SOFT,11.0,13.0,1,99.692,31.63,43.546,24.516,2023,1,R
SAR,2,Williams,24.0,2.0,SOFT,12.0,13.0,1,99.872,31.583,43.663,24.626,2023,1,R
SAR,2,Williams,25.0,2.0,SOFT,13.0,13.0,1,99.834,31.581,43.719,24.534,2023,1,R
SAR,2,Williams,26.0,2.0,SOFT,14.0,12.0,1,100.006,31.621,43.912,24.473,2023,1,R
SAR,2,Williams,27.0,2.0,SOFT,15.0,10.0,1,99.602,31.547,43.585,24.47,2023,1,R
SAR,2,Williams,28.0,2.0,SOFT,16.0,10.0,1,99.62,31.548000000000002,43.544,24.528,2023,1,R
SAR,2,Williams,29.0,2.0,SOFT,17.0,10.0,1,99.673,31.672,43.498,24.503,2023,1,R
SAR,2,Williams,32.0,3.0,HARD,2.0,14.0,1,97.613,30.975,42.694,23.944,2023,1,R
SAR,2,Williams,33.0,3.0,HARD,3.0,13.0,1,97.862,31.078,42.708,24.076,2023,1,R
SAR,2,Williams,34.0,3.0,HARD,4.0,13.0,1,97.902,31.157,42.798,23.947,2023,1,R
SAR,2,Williams,35.0,3.0,HARD,5.0,13.0,1,98.029,31.176,42.79,24.063,2023,1,R
SAR,2,Williams,36.0,3.0,HARD,6.0,13.0,1,97.717,31.091,42.688,23.938,2023,1,R
SAR,2,Williams,37.0,3.0,HARD,7.0,13.0,1,97.831,31.087,42.803,23.941,2023,1,R
SAR,2,Williams,38.0,3.0,HARD,8.0,13.0,1,98.015,31.136,42.813,24.066,2023,1,R
SAR,2,Williams,39.0,3.0,HARD,9.0,13.0,1,97.971,31.148,42.76,24.063,2023,1,R
SAR,2,Williams,42.0,4.0,SOFT,2.0,14.0,1,96.037,30.492,41.875,23.67,2023,1,R
SAR,2,Williams,43.0,4.0,SOFT,3.0,14.0,1,96.801,30.693,42.146,23.962,2023,1,R
SAR,2,Williams,44.0,4.0,SOFT,4.0,13.0,1,97.407,30.808,42.689,23.91,2023,1,R
SAR,2,Williams,45.0,4.0,SOFT,5.0,13.0,1,97.462,30.743,42.757,23.962,2023,1,R
SAR,2,Williams,46.0,4.0,SOFT,6.0,13.0,1,98.441,31.144,43.267,24.03,2023,1,R
SAR,2,Williams,47.0,4.0,SOFT,7.0,12.0,1,97.227,31.054,42.356,23.817,2023,1,R
SAR,2,Williams,48.0,4.0,SOFT,8.0,12.0,1,97.068,30.916,42.28,23.872,2023,1,R
SAR,2,Williams,49.0,4.0,SOFT,9.0,12.0,1,97.225,30.906,42.422,23.897,2023,1,R
SAR,2,Williams,50.0,4.0,SOFT,10.0,12.0,1,97.29,30.955,42.418,23.917,2023,1,R
SAR,2,Williams,51.0,4.0,SOFT,11.0,12.0,1,97.472,31.024,42.523,23.925,2023,1,R
SAR,2,Williams,52.0,4.0,SOFT,12.0,12.0,1,97.456,31.031,42.485,23.94,2023,1,R
SAR,2,Williams,53.0,4.0,SOFT,13.0,12.0,1,97.662,31.044,42.593,24.025,2023,1,R
SAR,2,Williams,54.0,4.0,SOFT,14.0,12.0,1,97.936,31.046,42.824,24.066,2023,1,R
SAR,2,Williams,55.0,4.0,SOFT,15.0,12.0,1,98.316,31.122,43.107,24.087,2023,1,R
SAR,2,Williams,56.0,4.0,SOFT,16.0,12.0,1,99.626,31.157,44.242,24.227,2023,1,R
MAG,20,Haas F1 Team,2.0,1.0,HARD,2.0,19.0,21,101.521,32.42,44.355,24.746,2023,1,R
MAG,20,Haas F1 Team,3.0,1.0,HARD,3.0,20.0,1,101.978,31.821,45.009,25.148,2023,1,R
MAG,20,Haas F1 Team,4.0,1.0,HARD,4.0,20.0,1,100.773,31.755,44.045,24.973,2023,1,R
MAG,20,Haas F1 Team,5.0,1.0,HARD,5.0,20.0,1,101.34,31.769,44.572,24.999,2023,1,R
MAG,20,Haas F1 Team,6.0,1.0,HARD,6.0,20.0,1,101.125,32.023,44.289,24.813,2023,1,R
MAG,20,Haas F1 Team,7.0,1.0,HARD,7.0,20.0,1,101.526,32.135,44.46,24.931,2023,1,R
MAG,20,Haas F1 Team,8.0,1.0,HARD,8.0,20.0,1,101.283,32.062,44.289,24.932,2023,1,R
MAG,20,Haas F1 Team,9.0,1.0,HARD,9.0,20.0,1,101.278,32.161,44.196,24.921,2023,1,R
MAG,20,Haas F1 Team,10.0,1.0,HARD,10.0,19.0,1,101.719,32.289,44.441,24.989,2023,1,R
MAG,20,Haas F1 Team,11.0,1.0,HARD,11.0,15.0,1,102.049,32.334,44.458,25.257,2023,1,R
MAG,20,Haas F1 Team,12.0,1.0,HARD,12.0,13.0,1,101.345,32.185,44.197,24.963,2023,1,R
MAG,20,Haas F1 Team,13.0,1.0,HARD,13.0,9.0,1,101.654,32.197,44.455,25.002,2023,1,R
MAG,20,Haas F1 Team,14.0,1.0,HARD,14.0,9.0,1,101.739,32.409,44.478,24.852,2023,1,R
MAG,20,Haas F1 Team,17.0,2.0,HARD,2.0,18.0,1,98.319,31.498,42.739,24.082,2023,1,R
MAG,20,Haas F1 Team,18.0,2.0,HARD,3.0,17.0,1,98.274,31.32,42.799,24.155,2023,1,R
MAG,20,Haas F1 Team,19.0,2.0,HARD,4.0,17.0,1,98.803,31.449,43.108,24.246,2023,1,R
MAG,20,Haas F1 Team,20.0,2.0,HARD,5.0,17.0,1,99.083,31.665,43.198,24.22,2023,1,R
MAG,20,Haas F1 Team,21.0,2.0,HARD,6.0,17.0,1,99.086,31.648,43.082,24.356,2023,1,R
MAG,20,Haas F1 Team,22.0,2.0,HARD,7.0,17.0,1,98.913,31.554,43.081,24.278,2023,1,R
MAG,20,Haas F1 Team,23.0,2.0,HARD,8.0,17.0,1,99.027,31.612,43.032,24.383,2023,1,R
MAG,20,Haas F1 Team,24.0,2.0,HARD,9.0,17.0,1,98.947,31.57,43.03,24.347,2023,1,R
MAG,20,Haas F1 Team,25.0,2.0,HARD,10.0,17.0,1,99.476,31.67,43.433,24.373,2023,1,R
MAG,20,Haas F1 Team,26.0,2.0,HARD,11.0,15.0,1,99.601,31.703,43.414,24.484,2023,1,R
MAG,20,Haas F1 Team,27.0,2.0,HARD,12.0,13.0,1,99.298,31.694,43.25,24.354,2023,1,R
MAG,20,Haas F1 Team,31.0,3.0,SOFT,2.0,17.0,1,98.593,31.332,43.288,23.973,2023,1,R
MAG,20,Haas F1 Team,32.0,3.0,SOFT,3.0,16.0,1,97.644,30.962,42.718,23.964,2023,1,R
MAG,20,Haas F1 Team,33.0,3.0,SOFT,4.0,16.0,1,97.097,31.049,42.112,23.936,2023,1,R
MAG,20,Haas F1 Team,34.0,3.0,SOFT,5.0,16.0,1,97.528,31.133,42.454,23.941,2023,1,R
MAG,20,Haas F1 Team,35.0,3.0,SOFT,6.0,16.0,1,97.46,31.158,42.391,23.911,2023,1,R
MAG,20,Haas F1 Team,36.0,3.0,SOFT,7.0,16.0,1,97.754,31.223,42.466,24.065,2023,1,R
MAG,20,Haas F1 Team,37.0,3.0,SOFT,8.0,16.0,1,97.998,31.244,42.71,24.044,2023,1,R
MAG,20,Haas F1 Team,38.0,3.0,SOFT,9.0,16.0,1,98.303,31.297,42.864,24.142,2023,1,R
MAG,20,Haas F1 Team,39.0,3.0,SOFT,10.0,16.0,1,98.587,31.279,42.922,24.386,2023,1,R
MAG,20,Haas F1 Team,42.0,4.0,SOFT,2.0,15.0,1,96.471,30.737,42.113,23.621,2023,1,R
MAG,20,Haas F1 Team,43.0,4.0,SOFT,3.0,15.0,1,96.942,30.753,42.381,23.808,2023,1,R
MAG,20,Haas F1 Team,44.0,4.0,SOFT,4.0,15.0,1,96.588,30.76,42.049,23.779,2023,1,R
MAG,20,Haas F1 Team,45.0,4.0,SOFT,5.0,15.0,1,97.126,30.983,42.268,23.875,2023,1,R
MAG,20,Haas F1 Team,46.0,4.0,SOFT,6.0,15.0,1,97.589,31.046,42.533,24.01,2023,1,R
MAG,20,Haas F1 Team,47.0,4.0,SOFT,7.0,15.0,1,97.629,31.029,42.64,23.96,2023,1,R
MAG,20,Haas F1 Team,48.0,4.0,SOFT,8.0,15.0,1,97.607,31.059,42.581,23.967,2023,1,R
MAG,20,Haas F1 Team,49.0,4.0,SOFT,9.0,15.0,1,97.739,31.077,42.715,23.947,2023,1,R
MAG,20,Haas F1 Team,50.0,4.0,SOFT,10.0,15.0,1,98.315,31.323,42.652,24.34,2023,1,R
MAG,20,Haas F1 Team,51.0,4.0,SOFT,11.0,14.0,1,98.157,31.364,42.723,24.07,2023,1,R
MAG,20,Haas F1 Team,52.0,4.0,SOFT,12.0,14.0,1,97.963,31.275,42.598,24.09,2023,1,R
MAG,20,Haas F1 Team,53.0,4.0,SOFT,13.0,14.0,1,97.982,31.324,42.612,24.046,2023,1,R
MAG,20,Haas F1 Team,54.0,4.0,SOFT,14.0,14.0,1,99.651,31.272,42.695,25.684,2023,1,R
MAG,20,Haas F1 Team,55.0,4.0,SOFT,15.0,13.0,1,98.446,31.366,42.971,24.109,2023,1,R
MAG,20,Haas F1 Team,56.0,4.0,SOFT,16.0,13.0,1,98.779,31.633,42.882,24.264,2023,1,R
DEV,21,AlphaTauri,2.0,1.0,SOFT,2.0,20.0,21,101.289,32.136,44.304,24.849,2023,1,R
DEV,21,AlphaTauri,3.0,1.0,SOFT,3.0,19.0,1,100.914,31.761,44.368,24.785,2023,1,R
DEV,21,AlphaTauri,4.0,1.0,SOFT,4.0,19.0,1,100.373,31.611,43.9,24.862,2023,1,R
DEV,21,AlphaTauri,5.0,1.0,SOFT,5.0,19.0,1,100.63,31.428,44.155,25.047,2023,1,R
DEV,21,AlphaTauri,6.0,1.0,SOFT,6.0,19.0,1,101.125,31.563,44.451,25.111,2023,1,R
DEV,21,AlphaTauri,7.0,1.0,SOFT,7.0,19.0,1,101.166,31.511,44.638,25.017,2023,1,R
DEV,21,AlphaTauri,8.0,1.0,SOFT,8.0,19.0,1,101.23,31.601,44.514,25.115,2023,1,R
DEV,21,AlphaTauri,9.0,1.0,SOFT,9.0,18.0,1,101.573,31.817,44.54,25.216,2023,1,R
DEV,21,AlphaTauri,10.0,1.0,SOFT,10.0,18.0,1,101.666,31.78,44.807,25.079,2023,1,R
DEV,21,AlphaTauri,13.0,2.0,HARD,2.0,18.0,1,98.924,31.468,43.189,24.267,2023,1,R
DEV,21,AlphaTauri,14.0,2.0,HARD,3.0,17.0,1,98.829,31.383,43.082,24.364,2023,1,R
DEV,21,AlphaTauri,15.0,2.0,HARD,4.0,17.0,1,98.868,31.425,43.124,24.319,2023,1,R
DEV,21,AlphaTauri,16.0,2.0,HARD,5.0,15.0,1,99.127,31.487,43.229,24.411,2023,1,R
DEV,21,AlphaTauri,17.0,2.0,HARD,6.0,14.0,1,98.996,31.498,43.126,24.372,2023,1,R
DEV,21,AlphaTauri,18.0,2.0,HARD,7.0,14.0,1,99.054,31.426,43.327,24.301,2023,1,R
DEV,21,AlphaTauri,20.0,2.0,HARD,9.0,14.0,1,99.182,31.442,43.332,24.408,2023,1,R
DEV,21,AlphaTauri,21.0,2.0,HARD,10.0,14.0,1,99.182,31.508,43.309,24.365,2023,1,R
DEV,21,AlphaTauri,22.0,2.0,HARD,11.0,14.0,1,99.296,31.572,43.328,24.396,2023,1,R
DEV,21,AlphaTauri,23.0,2.0,HARD,12.0,14.0,1,99.542,31.637,43.479,24.426,2023,1,R
DEV,21,AlphaTauri,24.0,2.0,HARD,13.0,14.0,1,99.807,31.847,43.493,24.467,2023,1,R
DEV,21,AlphaTauri,25.0,2.0,HARD,14.0,15.0,1,100.96,32.101,44.14,24.719,2023,1,R
DEV,21,AlphaTauri,26.0,2.0,HARD,15.0,14.0,1,99.97,31.698,43.692,24.58,2023,1,R
DEV,21,AlphaTauri,29.0,3.0,HARD,2.0,16.0,1,98.121,31.275,42.759,24.087,2023,1,R
DEV,21,AlphaTauri,30.0,3.0,HARD,3.0,15.0,1,97.709,31.186,42.605,23.918,2023,1,R
DEV,21,AlphaTauri,31.0,3.0,HARD,4.0,15.0,1,97.909,31.126,42.804,23.979,2023,1,R
DEV,21,AlphaTauri,32.0,3.0,HARD,5.0,15.0,1,97.902,31.118,42.773,24.011,2023,1,R
DEV,21,AlphaTauri,33.0,3.0,HARD,6.0,14.0,1,97.933,31.115,42.729,24.089,2023,1,R
DEV,21,AlphaTauri,34.0,3.0,HARD,7.0,14.0,1,98.266,31.226,42.896,24.144,2023,1,R
DEV,21,AlphaTauri,35.0,3.0,HARD,8.0,14.0,1,98.123,31.249,42.716,24.158,2023,1,R
DEV,21,AlphaTauri,36.0,3.0,HARD,9.0,14.0,1,98.206,31.265,42.791,24.15,2023,1,R
DEV,21,AlphaTauri,37.0,3.0,HARD,10.0,14.0,1,98.423,31.401,42.905,24.117,2023,1,R
DEV,21,AlphaTauri,38.0,3.0,HARD,11.0,14.0,1,98.379,31.355,42.877,24.147,2023,1,R
DEV,21,AlphaTauri,39.0,3.0,HARD,12.0,14.0,1,98.535,31.31,42.977,24.248,2023,1,R
DEV,21,AlphaTauri,42.0,3.0,HARD,15.0,12.0,1,99.873,32.199,43.466,24.208,2023,1,R
DEV,21,AlphaTauri,43.0,3.0,HARD,16.0,13.0,1,100.177,32.026,43.701,24.45,2023,1,R
DEV,21,AlphaTauri,44.0,3.0,HARD,17.0,14.0,1,99.588,31.78,43.483,24.325,2023,1,R
DEV,21,AlphaTauri,45.0,3.0,HARD,18.0,14.0,1,98.889,31.481,43.144,24.264,2023,1,R
DEV,21,AlphaTauri,46.0,3.0,HARD,19.0,14.0,1,98.871,31.557,43.061,24.253,2023,1,R
DEV,21,AlphaTauri,47.0,3.0,HARD,20.0,14.0,1,98.921,31.53,43.186,24.205,2023,1,R
DEV,21,AlphaTauri,48.0,3.0,HARD,21.0,14.0,1,100.441,32.523,43.596,24.322,2023,1,R
DEV,21,AlphaTauri,49.0,3.0,HARD,22.0,14.0,1,98.985,31.508,43.167,24.31,2023,1,R
DEV,21,AlphaTauri,51.0,3.0,HARD,24.0,15.0,1,100.475,32.491,43.49,24.494,2023,1,R
DEV,21,AlphaTauri,52.0,3.0,HARD,25.0,15.0,1,100.33,31.497,44.208,24.625,2023,1,R
DEV,21,AlphaTauri,53.0,3.0,HARD,26.0,15.0,1,99.15,31.459,43.284,24.407,2023,1,R
DEV,21,AlphaTauri,54.0,3.0,HARD,27.0,15.0,1,98.885,31.467,43.108,24.31,2023,1,R
DEV,21,AlphaTauri,55.0,3.0,HARD,28.0,14.0,1,99.239,31.445,43.538,24.256,2023,1,R
DEV,21,AlphaTauri,56.0,3.0,HARD,29.0,14.0,1,99.161,31.644,43.211,24.306,2023,1,R
TSU,22,AlphaTauri,2.0,1.0,SOFT,2.0,15.0,21,100.837,31.976,43.987,24.874,2023,1,R
TSU,22,AlphaTauri,3.0,1.0,SOFT,3.0,15.0,1,100.243,31.699,43.736,24.808,2023,1,R
TSU,22,AlphaTauri,4.0,1.0,SOFT,4.0,14.0,1,99.95,31.259,43.59,25.101,2023,1,R
TSU,22,AlphaTauri,5.0,1.0,SOFT,5.0,14.0,1,101.131,31.566,44.562,25.003,2023,1,R
TSU,22,AlphaTauri,6.0,1.0,SOFT,6.0,14.0,1,100.886,31.671,44.172,25.043,2023,1,R
TSU,22,AlphaTauri,7.0,1.0,SOFT,7.0,14.0,1,100.952,31.564,44.259,25.129,2023,1,R
TSU,22,AlphaTauri,8.0,1.0,SOFT,8.0,14.0,1,100.846,31.566,44.156,25.124,2023,1,R
TSU,22,AlphaTauri,9.0,1.0,SOFT,9.0,14.0,1,101.01,31.627,44.241,25.142,2023,1,R
TSU,22,AlphaTauri,12.0,2.0,HARD,2.0,16.0,1,99.143,31.623,43.14,24.38,2023,1,R
TSU,22,AlphaTauri,13.0,2.0,HARD,3.0,13.0,1,99.471,31.607,43.29,24.574,2023,1,R
TSU,22,AlphaTauri,14.0,2.0,HARD,4.0,13.0,1,98.742,31.227,43.111,24.404,2023,1,R
TSU,22,AlphaTauri,15.0,2.0,HARD,5.0,12.0,1,98.975,31.398,43.143,24.434,2023,1,R
TSU,22,AlphaTauri,16.0,2.0,HARD,6.0,11.0,1,99.061,31.429,43.184,24.448,2023,1,R
TSU,22,AlphaTauri,17.0,2.0,HARD,7.0,11.0,1,99.021,31.417,43.132,24.472,2023,1,R
TSU,22,AlphaTauri,18.0,2.0,HARD,8.0,11.0,1,99.302,31.402,43.402,24.498,2023,1,R
TSU,22,AlphaTauri,19.0,2.0,HARD,9.0,11.0,1,99.17,31.456,43.331,24.383,2023,1,R
TSU,22,AlphaTauri,20.0,2.0,HARD,10.0,11.0,1,99.282,31.476,43.398,24.408,2023,1,R
TSU,22,AlphaTauri,21.0,2.0,HARD,11.0,11.0,1,99.325,31.486,43.285,24.554,2023,1,R
TSU,22,AlphaTauri,22.0,2.0,HARD,12.0,11.0,1,99.439,31.479,43.415,24.545,2023,1,R
TSU,22,AlphaTauri,23.0,2.0,HARD,13.0,11.0,1,99.632,31.543,43.474,24.615,2023,1,R
TSU,22,AlphaTauri,24.0,2.0,HARD,14.0,11.0,1,100.109,32.039,43.405,24.665,2023,1,R
TSU,22,AlphaTauri,25.0,2.0,HARD,15.0,11.0,1,99.746,31.638,43.565,24.543,2023,1,R
TSU,22,AlphaTauri,28.0,3.0,HARD,2.0,15.0,1,97.824,31.04,42.788,23.996,2023,1,R
TSU,22,AlphaTauri,29.0,3.0,HARD,3.0,15.0,1,97.779,31.071,42.582,24.126,2023,1,R
TSU,22,AlphaTauri,30.0,3.0,HARD,4.0,14.0,1,98.147,31.111,42.762,24.274,2023,1,R
TSU,22,AlphaTauri,31.0,3.0,HARD,5.0,13.0,1,97.813,30.795,42.857,24.161,2023,1,R
TSU,22,AlphaTauri,32.0,3.0,HARD,6.0,13.0,1,98.017,30.916,42.886,24.215,2023,1,R
TSU,22,AlphaTauri,33.0,3.0,HARD,7.0,12.0,1,98.094,30.843,42.923,24.328,2023,1,R
TSU,22,AlphaTauri,34.0,3.0,HARD,8.0,12.0,1,98.13,30.924,42.881,24.325,2023,1,R
TSU,22,AlphaTauri,35.0,3.0,HARD,9.0,12.0,1,98.163,31.053,42.779,24.331,2023,1,R
TSU,22,AlphaTauri,36.0,3.0,HARD,10.0,12.0,1,98.059,30.891,42.924,24.244,2023,1,R
TSU,22,AlphaTauri,37.0,3.0,HARD,11.0,12.0,1,98.075,31.004,42.708,24.363,2023,1,R
TSU,22,AlphaTauri,38.0,3.0,HARD,12.0,12.0,1,98.084,30.904,42.811,24.369,2023,1,R
TSU,22,AlphaTauri,39.0,3.0,HARD,13.0,12.0,1,98.419,31.108,42.882,24.429,2023,1,R
TSU,22,AlphaTauri,42.0,4.0,SOFT,5.0,11.0,1,96.637,30.997,41.735,23.905,2023,1,R
TSU,22,AlphaTauri,43.0,4.0,SOFT,6.0,11.0,1,97.028,31.115,42.08,23.833,2023,1,R
TSU,22,AlphaTauri,44.0,4.0,SOFT,7.0,11.0,1,97.01,30.939,42.198,23.873,2023,1,R
TSU,22,AlphaTauri,45.0,4.0,SOFT,8.0,11.0,1,97.021,30.93,42.107,23.984,2023,1,R
TSU,22,AlphaTauri,46.0,4.0,SOFT,9.0,11.0,1,97.258,31.009,42.28,23.969,2023,1,R
TSU,22,AlphaTauri,47.0,4.0,SOFT,10.0,11.0,1,97.359,31.083,42.286,23.99,2023,1,R
TSU,22,AlphaTauri,48.0,4.0,SOFT,11.0,11.0,1,97.238,30.963,42.173,24.102,2023,1,R
TSU,22,AlphaTauri,49.0,4.0,SOFT,12.0,11.0,1,97.528,31.034,42.419,24.075,2023,1,R
TSU,22,AlphaTauri,50.0,4.0,SOFT,13.0,11.0,1,97.624,31.076,42.378,24.17,2023,1,R
TSU,22,AlphaTauri,51.0,4.0,SOFT,14.0,11.0,1,97.706,31.074,42.499,24.133,2023,1,R
TSU,22,AlphaTauri,52.0,4.0,SOFT,15.0,11.0,1,97.59,31.005,42.419,24.166,2023,1,R
TSU,22,AlphaTauri,53.0,4.0,SOFT,16.0,11.0,1,97.675,30.863,42.461,24.351,2023,1,R
TSU,22,AlphaTauri,54.0,4.0,SOFT,17.0,11.0,1,97.72,31.051,42.411,24.258,2023,1,R
TSU,22,AlphaTauri,55.0,4.0,SOFT,18.0,11.0,1,97.945,30.804,42.709,24.432,2023,1,R
TSU,22,AlphaTauri,56.0,4.0,SOFT,19.0,11.0,1,98.102,30.921,42.841,24.34,2023,1,R
TSU,22,AlphaTauri,57.0,4.0,SOFT,20.0,11.0,1,98.246,30.946,42.795,24.505,2023,1,R
ALB,23,Williams,2.0,1.0,SOFT,2.0,12.0,21,100.43,31.765,43.909,24.756,2023,1,R
ALB,23,Williams,3.0,1.0,SOFT,3.0,12.0,1,100.143,31.66,43.782,24.701,2023,1,R
ALB,23,Williams,4.0,1.0,SOFT,4.0,11.0,1,99.761,31.226,43.808,24.727,2023,1,R
ALB,23,Williams,5.0,1.0,SOFT,5.0,11.0,1,100.606,31.48,44.21,24.916,2023,1,R
ALB,23,Williams,6.0,1.0,SOFT,6.0,11.0,1,100.744,31.764,44.077,24.903,2023,1,R
ALB,23,Williams,7.0,1.0,SOFT,7.0,11.0,1,100.646,31.833,44.04,24.773,2023,1,R
ALB,23,Williams,8.0,1.0,SOFT,8.0,11.0,1,100.918,31.83,44.297,24.791,2023,1,R
ALB,23,Williams,9.0,1.0,SOFT,9.0,11.0,1,100.969,31.837,44.298,24.834,2023,1,R
ALB,23,Williams,10.0,1.0,SOFT,10.0,11.0,1,101.119,31.855,44.432,24.832,2023,1,R
ALB,23,Williams,13.0,2.0,SOFT,2.0,11.0,1,98.649,31.512,42.949,24.188,2023,1,R
ALB,23,Williams,14.0,2.0,SOFT,3.0,11.0,1,98.472,31.104,43.144,24.224,2023,1,R
ALB,23,Williams,15.0,2.0,SOFT,4.0,10.0,1,99.158,31.3,43.386,24.472,2023,1,R
ALB,23,Williams,16.0,2.0,SOFT,5.0,10.0,1,99.253,31.205,43.747,24.301,2023,1,R
ALB,23,Williams,17.0,2.0,SOFT,6.0,10.0,1,99.094,31.288,43.482,24.324,2023,1,R
ALB,23,Williams,18.0,2.0,SOFT,7.0,10.0,1,99.049,31.24,43.43,24.379,2023,1,R
ALB,23,Williams,19.0,2.0,SOFT,8.0,10.0,1,99.272,31.412,43.511,24.349,2023,1,R
ALB,23,Williams,20.0,2.0,SOFT,9.0,10.0,1,99.299,31.372,43.498,24.429,2023,1,R
ALB,23,Williams,21.0,2.0,SOFT,10.0,10.0,1,99.591,31.415,43.682,24.494,2023,1,R
ALB,23,Williams,22.0,2.0,SOFT,11.0,10.0,1,99.588,31.391,43.783,24.414,2023,1,R
ALB,23,Williams,23.0,2.0,SOFT,12.0,10.0,1,99.802,31.503,43.786,24.513,2023,1,R
ALB,23,Williams,24.0,2.0,SOFT,13.0,10.0,1,99.89,31.616,43.801,24.473,2023,1,R
ALB,23,Williams,25.0,2.0,SOFT,14.0,10.0,1,99.832,31.547,43.808,24.477,2023,1,R
ALB,23,Williams,28.0,3.0,HARD,2.0,13.0,1,97.503,30.968,42.567,23.968,2023,1,R
ALB,23,Williams,29.0,3.0,HARD,3.0,12.0,1,98.127,31.1,43.034,23.993,2023,1,R
ALB,23,Williams,30.0,3.0,HARD,4.0,12.0,1,97.931,31.11,42.857,23.964,2023,1,R
ALB,23,Williams,31.0,3.0,HARD,5.0,11.0,1,98.104,31.211,42.963,23.93,2023,1,R
ALB,23,Williams,32.0,3.0,HARD,6.0,11.0,1,97.919,31.133,42.843,23.943,2023,1,R
ALB,23,Williams,33.0,3.0,HARD,7.0,10.0,1,98.104,31.165,42.921,24.018,2023,1,R
ALB,23,Williams,34.0,3.0,HARD,8.0,10.0,1,97.961,31.19,42.832,23.939,2023,1,R
ALB,23,Williams,35.0,3.0,HARD,9.0,10.0,1,97.984,31.113,42.921,23.95,2023,1,R
ALB,23,Williams,36.0,3.0,HARD,10.0,10.0,1,98.176,31.233,42.956,23.987,2023,1,R
ALB,23,Williams,37.0,3.0,HARD,11.0,10.0,1,98.038,31.265,42.801,23.972,2023,1,R
ALB,23,Williams,38.0,3.0,HARD,12.0,10.0,1,98.33,31.372,42.907,24.051,2023,1,R
ALB,23,Williams,39.0,3.0,HARD,13.0,10.0,1,98.346,31.401,42.884,24.061,2023,1,R
ALB,23,Williams,42.0,4.0,SOFT,2.0,10.0,1,97.211,31.062,42.485,23.664,2023,1,R
ALB,23,Williams,43.0,4.0,SOFT,3.0,10.0,1,97.144,30.767,42.589,23.788,2023,1,R
ALB,23,Williams,44.0,4.0,SOFT,4.0,10.0,1,97.327,30.953,42.567,23.807,2023,1,R
ALB,23,Williams,45.0,4.0,SOFT,5.0,10.0,1,97.503,31.121,42.624,23.758,2023,1,R
ALB,23,Williams,46.0,4.0,SOFT,6.0,10.0,1,97.577,31.025,42.764,23.788,2023,1,R
ALB,23,Williams,47.0,4.0,SOFT,7.0,10.0,1,97.545,31.048,42.675,23.822,2023,1,R
ALB,23,Williams,48.0,4.0,SOFT,8.0,10.0,1,97.684,31.112,42.713,23.859,2023,1,R
ALB,23,Williams,49.0,4.0,SOFT,9.0,10.0,1,97.609,31.051,42.726,23.832,2023,1,R
ALB,23,Williams,50.0,4.0,SOFT,10.0,10.0,1,97.695,31.087,42.703,23.905,2023,1,R
ALB,23,Williams,51.0,4.0,SOFT,11.0,10.0,1,97.727,31.157,42.662,23.908,2023,1,R
ALB,23,Williams,52.0,4.0,SOFT,12.0,10.0,1,97.861,31.11,42.907,23.844,2023,1,R
ALB,23,Williams,53.0,4.0,SOFT,13.0,10.0,1,97.778,31.109,42.799,23.87,2023,1,R
ALB,23,Williams,54.0,4.0,SOFT,14.0,10.0,1,97.78,31.074,42.796,23.91,2023,1,R
ALB,23,Williams,55.0,4.0,SOFT,15.0,10.0,1,97.803,31.113,42.777,23.913,2023,1,R
ALB,23,Williams,56.0,4.0,SOFT,16.0,10.0,1,98.159,31.157,42.905,24.097,2023,1,R
ALB,23,Williams,57.0,4.0,SOFT,17.0,10.0,1,98.137,31.128,42.928,24.081,2023,1,R
ZHO,24,Alfa Romeo,2.0,1.0,SOFT,2.0,17.0,21,101.091,32.232,44.025,24.834,2023,1,R
ZHO,24,Alfa Romeo,3.0,1.0,SOFT,3.0,17.0,1,100.596,31.73,44.033,24.833,2023,1,R
ZHO,24,Alfa Romeo,4.0,1.0,SOFT,4.0,17.0,1,100.853,31.457,44.6,24.796,2023,1,R
ZHO,24,Alfa Romeo,5.0,1.0,SOFT,5.0,17.0,1,100.814,31.58,44.334,24.9,2023,1,R
ZHO,24,Alfa Romeo,6.0,1.0,SOFT,6.0,17.0,1,101.156,31.782,44.431,24.943,2023,1,R
ZHO,24,Alfa Romeo,7.0,1.0,SOFT,7.0,17.0,1,101.197,31.609,44.554,25.034,2023,1,R
ZHO,24,Alfa Romeo,8.0,1.0,SOFT,8.0,17.0,1,101.184,31.722,44.39,25.072,2023,1,R
ZHO,24,Alfa Romeo,9.0,1.0,SOFT,9.0,17.0,1,101.526,31.73,44.682,25.114,2023,1,R
ZHO,24,Alfa Romeo,10.0,1.0,SOFT,10.0,17.0,1,101.743,31.833,44.623,25.287,2023,1,R
ZHO,24,Alfa Romeo,11.0,1.0,SOFT,11.0,14.0,1,102.108,32.197,44.947,24.964,2023,1,R
ZHO,24,Alfa Romeo,14.0,2.0,HARD,2.0,19.0,1,99.33,31.335,43.564,24.431,2023,1,R
ZHO,24,Alfa Romeo,15.0,2.0,HARD,3.0,19.0,1,99.229,31.385,43.353,24.491,2023,1,R
ZHO,24,Alfa Romeo,16.0,2.0,HARD,4.0,17.0,1,98.998,31.133,43.302,24.563,2023,1,R
ZHO,24,Alfa Romeo,17.0,2.0,HARD,5.0,17.0,1,99.143,31.399,43.248,24.496,2023,1,R
ZHO,24,Alfa Romeo,18.0,2.0,HARD,6.0,15.0,1,98.873,31.104,43.376,24.393,2023,1,R
ZHO,24,Alfa Romeo,19.0,2.0,HARD,7.0,15.0,1,98.794,31.493,43.007,24.294,2023,1,R
ZHO,24,Alfa Romeo,20.0,2.0,HARD,8.0,15.0,1,98.896,31.546,43.055,24.295,2023,1,R
ZHO,24,Alfa Romeo,21.0,2.0,HARD,9.0,15.0,1,98.888,31.46,43.064,24.364,2023,1,R
ZHO,24,Alfa Romeo,22.0,2.0,HARD,10.0,15.0,1,99.115,31.548000000000002,43.054,24.513,2023,1,R
ZHO,24,Alfa Romeo,23.0,2.0,HARD,11.0,15.0,1,99.462,31.41,43.384,24.668,2023,1,R
ZHO,24,Alfa Romeo,24.0,2.0,HARD,12.0,15.0,1,99.503,31.448,43.537,24.518,2023,1,R
ZHO,24,Alfa Romeo,25.0,2.0,HARD,13.0,14.0,1,99.066,31.337,43.38,24.349,2023,1,R
ZHO,24,Alfa Romeo,26.0,2.0,HARD,14.0,13.0,1,99.427,31.674,43.349,24.404,2023,1,R
ZHO,24,Alfa Romeo,27.0,2.0,HARD,15.0,11.0,1,99.235,31.58,43.319,24.336,2023,1,R
ZHO,24,Alfa Romeo,28.0,2.0,HARD,16.0,11.0,1,99.412,31.717,43.311,24.384,2023,1,R
ZHO,24,Alfa Romeo,29.0,2.0,HARD,17.0,11.0,1,99.361,31.669,43.346,24.346,2023,1,R
ZHO,24,Alfa Romeo,30.0,2.0,HARD,18.0,9.0,1,99.382,31.741,43.19,24.451,2023,1,R
ZHO,24,Alfa Romeo,31.0,2.0,HARD,19.0,9.0,1,99.67,31.824,43.5,24.346,2023,1,R
ZHO,24,Alfa Romeo,34.0,3.0,SOFT,5.0,15.0,1,97.037,30.938,42.291,23.808,2023,1,R
ZHO,24,Alfa Romeo,35.0,3.0,SOFT,6.0,15.0,1,97.55,31.122,42.475,23.953,2023,1,R
ZHO,24,Alfa Romeo,36.0,3.0,SOFT,7.0,15.0,1,97.957,31.13,42.836,23.991,2023,1,R
ZHO,24,Alfa Romeo,37.0,3.0,SOFT,8.0,15.0,1,98.003,31.256,42.848,23.899,2023,1,R
ZHO,24,Alfa Romeo,38.0,3.0,SOFT,9.0,15.0,1,98.422,31.438,42.996,23.988,2023,1,R
ZHO,24,Alfa Romeo,39.0,3.0,SOFT,10.0,15.0,1,98.368,31.471,42.79,24.107,2023,1,R
ZHO,24,Alfa Romeo,42.0,3.0,SOFT,13.0,13.0,1,99.904,31.967,43.74,24.197,2023,1,R
ZHO,24,Alfa Romeo,43.0,3.0,SOFT,14.0,12.0,1,98.311,31.159,43.152,24.0,2023,1,R
ZHO,24,Alfa Romeo,44.0,3.0,SOFT,15.0,12.0,1,97.974,31.364,42.648,23.962,2023,1,R
ZHO,24,Alfa Romeo,45.0,3.0,SOFT,16.0,12.0,1,97.95,31.334,42.678,23.938,2023,1,R
ZHO,24,Alfa Romeo,46.0,3.0,SOFT,17.0,12.0,1,98.336,31.439,42.97,23.927,2023,1,R
ZHO,24,Alfa Romeo,47.0,3.0,SOFT,18.0,13.0,1,99.553,32.022,43.31,24.221,2023,1,R
ZHO,24,Alfa Romeo,48.0,3.0,SOFT,19.0,13.0,1,98.596,31.451,42.912,24.233,2023,1,R
ZHO,24,Alfa Romeo,49.0,3.0,SOFT,20.0,13.0,1,98.628,31.475,42.942,24.211,2023,1,R
ZHO,24,Alfa Romeo,50.0,3.0,SOFT,21.0,13.0,1,99.893,31.561,42.916,25.416,2023,1,R
ZHO,24,Alfa Romeo,51.0,3.0,SOFT,22.0,13.0,1,98.719,31.663,42.921,24.135,2023,1,R
ZHO,24,Alfa Romeo,52.0,3.0,SOFT,23.0,13.0,1,98.713,31.522,42.936,24.255,2023,1,R
ZHO,24,Alfa Romeo,53.0,3.0,SOFT,24.0,13.0,1,98.634,31.452,43.01,24.172,2023,1,R
ZHO,24,Alfa Romeo,56.0,4.0,SOFT,5.0,16.0,1,93.996,30.183,40.533,23.28,2023,1,R
HUL,27,Haas F1 Team,2.0,1.0,SOFT,5.0,14.0,21,100.72,31.78,44.191,24.749,2023,1,R
HUL,27,Haas F1 Team,3.0,1.0,SOFT,6.0,14.0,1,100.484,31.671,43.801,25.012,2023,1,R
HUL,27,Haas F1 Team,4.0,1.0,SOFT,7.0,15.0,1,101.004,32.225,43.817,24.962,2023,1,R
HUL,27,Haas F1 Team,5.0,1.0,SOFT,8.0,15.0,1,101.002,31.56,44.453,24.989,2023,1,R
HUL,27,Haas F1 Team,6.0,1.0,SOFT,9.0,15.0,1,101.002,31.566,44.338,25.098,2023,1,R
HUL,27,Haas F1 Team,7.0,1.0,SOFT,10.0,15.0,1,101.148,31.575,44.33,25.243,2023,1,R
HUL,27,Haas F1 Team,8.0,1.0,SOFT,11.0,15.0,1,101.249,31.819,44.221,25.209,2023,1,R
HUL,27,Haas F1 Team,9.0,1.0,SOFT,12.0,15.0,1,101.615,32.117,44.419,25.079,2023,1,R
HUL,27,Haas F1 Team,10.0,1.0,SOFT,13.0,15.0,1,102.252,32.095,44.673,25.484,2023,1,R
HUL,27,Haas F1 Team,13.0,2.0,HARD,2.0,19.0,1,99.406,31.504,43.055,24.847,2023,1,R
HUL,27,Haas F1 Team,14.0,2.0,HARD,3.0,18.0,1,98.847,31.291,43.147,24.409,2023,1,R
HUL,27,Haas F1 Team,15.0,2.0,HARD,4.0,18.0,1,98.972,31.408,43.081,24.483,2023,1,R
HUL,27,Haas F1 Team,16.0,2.0,HARD,5.0,16.0,1,99.136,31.437,43.257,24.442,2023,1,R
HUL,27,Haas F1 Team,17.0,2.0,HARD,6.0,16.0,1,99.396,31.458,43.372,24.566,2023,1,R
HUL,27,Haas F1 Team,18.0,2.0,HARD,7.0,16.0,1,100.323,32.119,43.519,24.685,2023,1,R
HUL,27,Haas F1 Team,19.0,2.0,HARD,8.0,16.0,1,99.633,31.771,43.31,24.552,2023,1,R
HUL,27,Haas F1 Team,20.0,2.0,HARD,9.0,16.0,1,99.495,31.592,43.273,24.63,2023,1,R
HUL,27,Haas F1 Team,22.0,2.0,HARD,11.0,16.0,1,99.934,31.837,43.443,24.654,2023,1,R
HUL,27,Haas F1 Team,23.0,2.0,HARD,12.0,16.0,1,99.866,31.733,43.474,24.659,2023,1,R
HUL,27,Haas F1 Team,24.0,2.0,HARD,13.0,16.0,1,99.855,31.809,43.418,24.628,2023,1,R
HUL,27,Haas F1 Team,25.0,2.0,HARD,14.0,16.0,1,100.295,31.869,43.869,24.557,2023,1,R
HUL,27,Haas F1 Team,28.0,3.0,HARD,2.0,18.0,1,96.981,30.875,42.048,24.058,2023,1,R
HUL,27,Haas F1 Team,29.0,3.0,HARD,3.0,18.0,1,97.398,30.954,42.329,24.115,2023,1,R
HUL,27,Haas F1 Team,30.0,3.0,HARD,4.0,18.0,1,97.617,31.178,42.467,23.972,2023,1,R
HUL,27,Haas F1 Team,31.0,3.0,HARD,5.0,18.0,1,97.891,31.175,42.637,24.079,2023,1,R
HUL,27,Haas F1 Team,32.0,3.0,HARD,6.0,17.0,1,97.806,31.11,42.524,24.172,2023,1,R
HUL,27,Haas F1 Team,33.0,3.0,HARD,7.0,17.0,1,97.761,31.187,42.427,24.147,2023,1,R
HUL,27,Haas F1 Team,34.0,3.0,HARD,8.0,17.0,1,97.895,31.192,42.592,24.111,2023,1,R
HUL,27,Haas F1 Team,35.0,3.0,HARD,9.0,17.0,1,98.093,31.363,42.614,24.116,2023,1,R
HUL,27,Haas F1 Team,36.0,3.0,HARD,10.0,17.0,1,98.245,31.451,42.707,24.087,2023,1,R
HUL,27,Haas F1 Team,37.0,3.0,HARD,11.0,17.0,1,98.108,31.452,42.558,24.098,2023,1,R
HUL,27,Haas F1 Team,38.0,3.0,HARD,12.0,17.0,1,98.191,31.377,42.608,24.206,2023,1,R
HUL,27,Haas F1 Team,42.0,4.0,SOFT,5.0,16.0,1,96.616,30.788,42.011,23.817,2023,1,R
HUL,27,Haas F1 Team,43.0,4.0,SOFT,6.0,16.0,1,96.793,30.915,41.855,24.023,2023,1,R
HUL,27,Haas F1 Team,44.0,4.0,SOFT,7.0,16.0,1,97.076,30.941,42.199,23.936,2023,1,R
HUL,27,Haas F1 Team,45.0,4.0,SOFT,8.0,16.0,1,97.314,31.074,42.194,24.046,2023,1,R
HUL,27,Haas F1 Team,46.0,4.0,SOFT,9.0,16.0,1,99.972,30.962,44.939,24.071,2023,1,R
HUL,27,Haas F1 Team,48.0,4.0,SOFT,11.0,16.0,1,97.086,31.014,42.126,23.946,2023,1,R
HUL,27,Haas F1 Team,49.0,4.0,SOFT,12.0,16.0,1,97.077,31.069,42.073,23.935,2023,1,R
HUL,27,Haas F1 Team,50.0,4.0,SOFT,13.0,16.0,1,97.242,31.081,42.064,24.097,2023,1,R
HUL,27,Haas F1 Team,51.0,4.0,SOFT,14.0,16.0,1,97.306,31.116,42.192,23.998,2023,1,R
HUL,27,Haas F1 Team,53.0,4.0,SOFT,16.0,16.0,1,98.067,31.267,42.619,24.181,2023,1,R
HUL,27,Haas F1 Team,54.0,4.0,SOFT,17.0,16.0,1,98.458,31.303,42.713,24.442,2023,1,R
HUL,27,Haas F1 Team,55.0,4.0,SOFT,18.0,15.0,1,98.564,31.42,42.876,24.268,2023,1,R
OCO,31,Alpine,2.0,1.0,SOFT,5.0,11.0,21,100.408,31.783,43.896,24.729,2023,1,R
OCO,31,Alpine,3.0,1.0,SOFT,6.0,11.0,1,99.948,31.547,43.662,24.739,2023,1,R
OCO,31,Alpine,4.0,1.0,SOFT,7.0,10.0,1,99.543,31.349,43.518,24.676,2023,1,R
OCO,31,Alpine,5.0,1.0,SOFT,8.0,10.0,1,100.281,31.709,43.727,24.845,2023,1,R
OCO,31,Alpine,6.0,1.0,SOFT,9.0,10.0,1,100.331,31.767,43.724,24.84,2023,1,R
OCO,31,Alpine,7.0,1.0,SOFT,10.0,10.0,1,100.488,31.819,43.773,24.896,2023,1,R
OCO,31,Alpine,8.0,1.0,SOFT,11.0,10.0,1,100.562,31.873,43.836,24.853,2023,1,R
OCO,31,Alpine,9.0,1.0,SOFT,12.0,10.0,1,100.866,31.957,44.034,24.875,2023,1,R
OCO,31,Alpine,10.0,1.0,SOFT,13.0,10.0,1,100.858,31.918,43.957,24.983,2023,1,R
OCO,31,Alpine,11.0,1.0,SOFT,14.0,10.0,1,101.035,32.006,44.056,24.973,2023,1,R
OCO,31,Alpine,14.0,2.0,HARD,2.0,12.0,1,98.649,31.163,43.16,24.326,2023,1,R
OCO,31,Alpine,17.0,3.0,HARD,5.0,19.0,1,98.78,31.538,43.002,24.24,2023,1,R
OCO,31,Alpine,18.0,3.0,HARD,6.0,18.0,1,98.886,31.576999999999998,43.055,24.254,2023,1,R
OCO,31,Alpine,19.0,3.0,HARD,7.0,18.0,1,98.817,31.651,42.936,24.23,2023,1,R
OCO,31,Alpine,20.0,3.0,HARD,8.0,18.0,1,98.809,31.605,43.024,24.18,2023,1,R
OCO,31,Alpine,21.0,3.0,HARD,9.0,18.0,1,98.976,31.634,43.064,24.278,2023,1,R
OCO,31,Alpine,22.0,3.0,HARD,10.0,18.0,1,99.028,31.568,43.193,24.267,2023,1,R
OCO,31,Alpine,23.0,3.0,HARD,11.0,19.0,1,100.052,32.119,43.443,24.49,2023,1,R
OCO,31,Alpine,24.0,3.0,HARD,12.0,19.0,1,99.382,31.661,43.286,24.435,2023,1,R
OCO,31,Alpine,25.0,3.0,HARD,13.0,19.0,1,99.435,31.667,43.405,24.363,2023,1,R
OCO,31,Alpine,26.0,3.0,HARD,14.0,19.0,1,99.521,31.669,43.437,24.415,2023,1,R
OCO,31,Alpine,27.0,3.0,HARD,15.0,18.0,1,99.594,31.711,43.443,24.44,2023,1,R
OCO,31,Alpine,28.0,3.0,HARD,16.0,17.0,1,100.026,31.826,43.747,24.453,2023,1,R
OCO,31,Alpine,29.0,3.0,HARD,17.0,17.0,1,101.181,31.685,44.908,24.588,2023,1,R
OCO,31,Alpine,30.0,3.0,HARD,18.0,16.0,1,99.757,31.696,43.535,24.526,2023,1,R
OCO,31,Alpine,31.0,3.0,HARD,19.0,16.0,1,99.748,31.748,43.573,24.427,2023,1,R
OCO,31,Alpine,34.0,4.0,HARD,2.0,19.0,1,96.797,30.92,42.107,23.77,2023,1,R
OCO,31,Alpine,35.0,4.0,HARD,3.0,19.0,1,96.964,31.041,42.199,23.724,2023,1,R
OCO,31,Alpine,36.0,4.0,HARD,4.0,19.0,1,97.364,31.036,42.488,23.84,2023,1,R
OCO,31,Alpine,37.0,4.0,HARD,5.0,19.0,1,97.338,31.098,42.381,23.859,2023,1,R
OCO,31,Alpine,38.0,4.0,HARD,6.0,18.0,1,97.216,31.045,42.382,23.789,2023,1,R
OCO,31,Alpine,39.0,4.0,HARD,7.0,18.0,12,97.523,31.243,42.389,23.891,2023,1,R
NOR,4,McLaren,2.0,1.0,SOFT,2.0,10.0,21,100.433,31.867,43.83,24.736,2023,1,R
NOR,4,McLaren,4.0,1.0,SOFT,4.0,12.0,1,102.267,32.947,44.387,24.933,2023,1,R
NOR,4,McLaren,5.0,1.0,SOFT,5.0,12.0,1,100.664,32.022,43.875,24.767,2023,1,R
NOR,4,McLaren,6.0,1.0,SOFT,6.0,12.0,1,100.814,31.98,44.01,24.824,2023,1,R
NOR,4,McLaren,7.0,1.0,SOFT,7.0,12.0,1,100.726,31.923000000000002,43.89,24.913,2023,1,R
NOR,4,McLaren,8.0,1.0,SOFT,8.0,12.0,1,100.857,32.024,43.869,24.964,2023,1,R
NOR,4,McLaren,9.0,1.0,SOFT,9.0,12.0,1,100.783,31.843,43.98,24.96,2023,1,R
NOR,4,McLaren,12.0,2.0,HARD,2.0,18.0,1,99.314,31.825,43.134,24.355,2023,1,R
NOR,4,McLaren,13.0,2.0,HARD,3.0,17.0,1,99.51,31.74,43.246,24.524,2023,1,R
NOR,4,McLaren,14.0,2.0,HARD,4.0,16.0,1,99.243,31.728,43.15,24.365,2023,1,R
NOR,4,McLaren,16.0,2.0,HARD,6.0,14.0,1,98.86,31.537,42.928,24.395,2023,1,R
NOR,4,McLaren,19.0,3.0,SOFT,5.0,19.0,1,97.966,31.206,42.704,24.056,2023,1,R
NOR,4,McLaren,20.0,3.0,SOFT,6.0,19.0,1,98.345,31.318,42.762,24.265,2023,1,R
NOR,4,McLaren,21.0,3.0,SOFT,7.0,19.0,1,98.297,31.319,42.673,24.305,2023,1,R
NOR,4,McLaren,22.0,3.0,SOFT,8.0,19.0,1,98.908,31.306,43.305,24.297,2023,1,R
NOR,4,McLaren,23.0,3.0,SOFT,9.0,18.0,1,98.291,31.283,42.726,24.282,2023,1,R
NOR,4,McLaren,24.0,3.0,SOFT,10.0,18.0,1,98.696,31.468,42.973,24.255,2023,1,R
NOR,4,McLaren,25.0,3.0,SOFT,11.0,18.0,1,98.447,31.438,42.732,24.277,2023,1,R
NOR,4,McLaren,26.0,3.0,SOFT,12.0,18.0,1,98.44,31.441,42.713,24.286,2023,1,R
NOR,4,McLaren,29.0,4.0,MEDIUM,2.0,19.0,1,97.26,31.144,42.226,23.89,2023,1,R
NOR,4,McLaren,30.0,4.0,MEDIUM,3.0,19.0,1,97.605,31.235,42.354,24.016,2023,1,R
NOR,4,McLaren,31.0,4.0,MEDIUM,4.0,19.0,1,97.768,31.174,42.459,24.135,2023,1,R
NOR,4,McLaren,32.0,4.0,MEDIUM,5.0,19.0,1,98.111,31.113,42.775,24.223,2023,1,R
NOR,4,McLaren,33.0,4.0,MEDIUM,6.0,18.0,1,97.52,30.999,42.476,24.045,2023,1,R
NOR,4,McLaren,34.0,4.0,MEDIUM,7.0,18.0,1,97.987,31.333,42.606,24.048,2023,1,R
NOR,4,McLaren,35.0,4.0,MEDIUM,8.0,18.0,1,97.87,31.336,42.535,23.999,2023,1,R
NOR,4,McLaren,36.0,4.0,MEDIUM,9.0,18.0,1,99.886,32.216,43.423,24.247,2023,1,R
NOR,4,McLaren,39.0,5.0,HARD,2.0,19.0,12,98.347,30.941,43.025,24.381,2023,1,R
NOR,4,McLaren,41.0,5.0,HARD,4.0,18.0,1,96.705,31.101,41.67,23.934,2023,1,R
NOR,4,McLaren,42.0,5.0,HARD,5.0,17.0,1,96.668,30.948,41.864,23.856,2023,1,R
NOR,4,McLaren,43.0,5.0,HARD,6.0,17.0,1,96.687,30.898,41.964,23.825,2023,1,R
NOR,4,McLaren,44.0,5.0,HARD,7.0,17.0,1,97.219,30.936,42.401,23.882,2023,1,R
NOR,4,McLaren,45.0,5.0,HARD,8.0,17.0,1,97.426,31.112,42.179,24.135,2023,1,R
NOR,4,McLaren,46.0,5.0,HARD,9.0,17.0,1,97.656,31.106,42.351,24.199,2023,1,R
NOR,4,McLaren,49.0,6.0,SOFT,6.0,17.0,1,99.08,31.867,42.987,24.226,2023,1,R
NOR,4,McLaren,51.0,6.0,SOFT,8.0,17.0,1,95.822,30.749,41.366,23.707,2023,1,R
NOR,4,McLaren,52.0,6.0,SOFT,9.0,17.0,1,96.152,30.747,41.651,23.754,2023,1,R
NOR,4,McLaren,53.0,6.0,SOFT,10.0,17.0,1,96.5,30.909,41.607,23.984,2023,1,R
HAM,44,Mercedes,2.0,1.0,SOFT,5.0,5.0,21,99.166,31.408,43.352,24.406,2023,1,R
HAM,44,Mercedes,3.0,1.0,SOFT,6.0,5.0,1,99.22,31.298,43.499,24.423,2023,1,R
HAM,44,Mercedes,4.0,1.0,SOFT,7.0,5.0,1,99.198,31.315,43.446,24.437,2023,1,R
HAM,44,Mercedes,5.0,1.0,SOFT,8.0,5.0,1,99.335,31.35,43.508,24.477,2023,1,R
HAM,44,Mercedes,6.0,1.0,SOFT,9.0,5.0,1,99.756,31.434,43.751,24.571,2023,1,R
HAM,44,Mercedes,7.0,1.0,SOFT,10.0,5.0,1,99.757,31.48,43.664,24.613,2023,1,R
HAM,44,Mercedes,8.0,1.0,SOFT,11.0,5.0,1,100.267,31.718,43.82,24.729,2023,1,R
HAM,44,Mercedes,9.0,1.0,SOFT,12.0,5.0,1,100.323,31.893,43.776,24.654,2023,1,R
HAM,44,Mercedes,10.0,1.0,SOFT,13.0,5.0,1,100.289,31.649,43.985,24.655,2023,1,R
HAM,44,Mercedes,11.0,1.0,SOFT,14.0,5.0,1,100.752,31.823,44.205,24.724,2023,1,R
HAM,44,Mercedes,14.0,2.0,HARD,2.0,7.0,1,98.308,30.783,43.351,24.174,2023,1,R
HAM,44,Mercedes,15.0,2.0,HARD,3.0,6.0,1,98.527,31.23,43.259,24.038,2023,1,R
HAM,44,Mercedes,16.0,2.0,HARD,4.0,5.0,1,98.617,31.162,43.414,24.041,2023,1,R
HAM,44,Mercedes,17.0,2.0,HARD,5.0,5.0,1,98.704,31.16,43.372,24.172,2023,1,R
HAM,44,Mercedes,18.0,2.0,HARD,6.0,5.0,1,98.69,31.263,43.262,24.165,2023,1,R
HAM,44,Mercedes,19.0,2.0,HARD,7.0,5.0,1,98.684,31.294,43.297,24.093,2023,1,R
HAM,44,Mercedes,20.0,2.0,HARD,8.0,5.0,1,98.478,31.163,43.227,24.088,2023,1,R
HAM,44,Mercedes,21.0,2.0,HARD,9.0,5.0,1,98.581,31.151,43.35,24.08,2023,1,R
HAM,44,Mercedes,22.0,2.0,HARD,10.0,5.0,1,98.46,31.336,43.109,24.015,2023,1,R
HAM,44,Mercedes,23.0,2.0,HARD,11.0,5.0,1,98.384,31.164,43.21,24.01,2023,1,R
HAM,44,Mercedes,24.0,2.0,HARD,12.0,5.0,1,98.367,31.202,43.079,24.086,2023,1,R
HAM,44,Mercedes,25.0,2.0,HARD,13.0,5.0,1,98.29,31.209,42.97,24.111,2023,1,R
HAM,44,Mercedes,26.0,2.0,HARD,14.0,5.0,1,98.339,31.345,42.89,24.104,2023,1,R
HAM,44,Mercedes,27.0,2.0,HARD,15.0,5.0,1,98.369,31.379,42.864,24.126,2023,1,R
HAM,44,Mercedes,28.0,2.0,HARD,16.0,5.0,1,98.265,31.232,42.845,24.188,2023,1,R
HAM,44,Mercedes,29.0,2.0,HARD,17.0,5.0,1,98.38,31.319,42.914,24.147,2023,1,R
HAM,44,Mercedes,32.0,3.0,HARD,2.0,6.0,1,97.563,30.795,42.982,23.786,2023,1,R
HAM,44,Mercedes,33.0,3.0,HARD,3.0,6.0,1,97.549,30.882,42.999,23.668,2023,1,R
HAM,44,Mercedes,34.0,3.0,HARD,4.0,6.0,1,98.135,30.81,43.571,23.754,2023,1,R
HAM,44,Mercedes,35.0,3.0,HARD,5.0,5.0,1,96.831,30.798000000000002,42.403,23.63,2023,1,R
HAM,44,Mercedes,36.0,3.0,HARD,6.0,5.0,1,96.546,30.869,42.013,23.664,2023,1,R
HAM,44,Mercedes,37.0,3.0,HARD,7.0,5.0,1,97.388,31.413,42.243,23.732,2023,1,R
HAM,44,Mercedes,38.0,3.0,HARD,8.0,6.0,1,98.304,31.05,43.267,23.987,2023,1,R
HAM,44,Mercedes,39.0,3.0,HARD,9.0,6.0,1,97.478,30.837,42.719,23.922,2023,1,R
HAM,44,Mercedes,40.0,3.0,HARD,10.0,5.0,12,97.494,30.768,42.806,23.92,2023,1,R
HAM,44,Mercedes,42.0,3.0,HARD,12.0,5.0,1,97.061,30.924,42.354,23.783,2023,1,R
HAM,44,Mercedes,43.0,3.0,HARD,13.0,5.0,1,97.111,30.89,42.235,23.986,2023,1,R
HAM,44,Mercedes,44.0,3.0,HARD,14.0,5.0,1,97.048,30.807,42.353,23.888,2023,1,R
HAM,44,Mercedes,45.0,3.0,HARD,15.0,5.0,1,97.661,30.902,42.666,24.093,2023,1,R
HAM,44,Mercedes,46.0,3.0,HARD,16.0,5.0,1,97.779,30.898,42.786,24.095,2023,1,R
HAM,44,Mercedes,47.0,3.0,HARD,17.0,5.0,1,98.517,31.32,43.157,24.04,2023,1,R
HAM,44,Mercedes,48.0,3.0,HARD,18.0,5.0,1,97.844,30.882,42.772,24.19,2023,1,R
HAM,44,Mercedes,49.0,3.0,HARD,19.0,5.0,1,97.954,30.947,42.945,24.062,2023,1,R
HAM,44,Mercedes,51.0,3.0,HARD,21.0,5.0,1,98.014,31.154,42.759,24.101,2023,1,R
HAM,44,Mercedes,52.0,3.0,HARD,22.0,5.0,1,97.803,31.107,42.69,24.006,2023,1,R
HAM,44,Mercedes,53.0,3.0,HARD,23.0,5.0,1,97.988,31.1,42.853,24.035,2023,1,R
HAM,44,Mercedes,54.0,3.0,HARD,24.0,5.0,1,98.076,31.14,42.838,24.098,2023,1,R
HAM,44,Mercedes,55.0,3.0,HARD,25.0,5.0,1,97.955,31.131,42.775,24.049,2023,1,R
HAM,44,Mercedes,56.0,3.0,HARD,26.0,5.0,1,98.111,31.227,42.824,24.06,2023,1,R
HAM,44,Mercedes,57.0,3.0,HARD,27.0,5.0,1,98.255,31.166,42.89,24.199,2023,1,R
SAI,55,Ferrari,2.0,1.0,SOFT,5.0,4.0,21,98.933,31.451,43.164,24.318,2023,1,R
SAI,55,Ferrari,3.0,1.0,SOFT,6.0,4.0,1,99.042,31.374,43.257,24.411,2023,1,R
SAI,55,Ferrari,4.0,1.0,SOFT,7.0,4.0,1,98.985,31.192,43.306,24.487,2023,1,R
SAI,55,Ferrari,5.0,1.0,SOFT,8.0,4.0,1,99.128,31.048,43.623,24.457,2023,1,R
SAI,55,Ferrari,6.0,1.0,SOFT,9.0,4.0,1,99.474,31.469,43.498,24.507,2023,1,R
SAI,55,Ferrari,7.0,1.0,SOFT,10.0,4.0,1,99.502,31.546,43.469,24.487,2023,1,R
SAI,55,Ferrari,8.0,1.0,SOFT,11.0,4.0,1,99.779,31.674,43.598,24.507,2023,1,R
SAI,55,Ferrari,9.0,1.0,SOFT,12.0,4.0,1,99.744,31.602,43.608,24.534,2023,1,R
SAI,55,Ferrari,10.0,1.0,SOFT,13.0,4.0,1,100.102,31.764,43.676,24.662,2023,1,R
SAI,55,Ferrari,11.0,1.0,SOFT,14.0,4.0,1,100.507,31.836,43.996,24.675,2023,1,R
SAI,55,Ferrari,12.0,1.0,SOFT,15.0,4.0,1,100.52,31.776,44.006,24.738,2023,1,R
SAI,55,Ferrari,15.0,2.0,HARD,2.0,5.0,1,97.985,31.107,42.86,24.018,2023,1,R
SAI,55,Ferrari,16.0,2.0,HARD,3.0,4.0,1,98.433,31.232,43.011,24.19,2023,1,R
SAI,55,Ferrari,17.0,2.0,HARD,4.0,4.0,1,98.161,31.234,42.911,24.016,2023,1,R
SAI,55,Ferrari,18.0,2.0,HARD,5.0,4.0,1,98.287,31.283,42.95,24.054,2023,1,R
SAI,55,Ferrari,19.0,2.0,HARD,6.0,4.0,1,98.21,31.208,42.939,24.063,2023,1,R
SAI,55,Ferrari,20.0,2.0,HARD,7.0,4.0,1,98.096,31.272,42.826,23.998,2023,1,R
SAI,55,Ferrari,21.0,2.0,HARD,8.0,4.0,1,98.24,31.305,42.957,23.978,2023,1,R
SAI,55,Ferrari,22.0,2.0,HARD,9.0,4.0,1,98.453,31.288,43.137,24.028,2023,1,R
SAI,55,Ferrari,23.0,2.0,HARD,10.0,4.0,1,98.597,31.483,43.147,23.967,2023,1,R
SAI,55,Ferrari,24.0,2.0,HARD,11.0,4.0,1,98.314,31.442,42.878,23.994,2023,1,R
SAI,55,Ferrari,25.0,2.0,HARD,12.0,4.0,1,98.571,31.282,43.172,24.117,2023,1,R
SAI,55,Ferrari,26.0,2.0,HARD,13.0,4.0,1,98.331,31.316,42.976,24.039,2023,1,R
SAI,55,Ferrari,27.0,2.0,HARD,14.0,4.0,1,98.423,31.448,42.994,23.981,2023,1,R
SAI,55,Ferrari,28.0,2.0,HARD,15.0,4.0,1,98.474,31.422,42.956,24.096,2023,1,R
SAI,55,Ferrari,29.0,2.0,HARD,16.0,4.0,1,98.55,31.436,42.983,24.131,2023,1,R
SAI,55,Ferrari,30.0,2.0,HARD,17.0,4.0,1,98.601,31.445,43.033,24.123,2023,1,R
SAI,55,Ferrari,33.0,3.0,HARD,2.0,5.0,1,97.548,31.27,42.65,23.628,2023,1,R
SAI,55,Ferrari,34.0,3.0,HARD,3.0,5.0,1,97.475,31.149,42.615,23.711,2023,1,R
SAI,55,Ferrari,35.0,3.0,HARD,4.0,4.0,1,97.441,31.161,42.601,23.679,2023,1,R
SAI,55,Ferrari,36.0,3.0,HARD,5.0,4.0,1,97.706,31.197,42.728,23.781,2023,1,R
SAI,55,Ferrari,37.0,3.0,HARD,6.0,4.0,1,97.13,31.018,42.443,23.669,2023,1,R
SAI,55,Ferrari,38.0,3.0,HARD,7.0,4.0,1,97.444,31.096,42.608,23.74,2023,1,R
SAI,55,Ferrari,39.0,3.0,HARD,8.0,4.0,1,97.403,31.044,42.593,23.766,2023,1,R
SAI,55,Ferrari,40.0,3.0,HARD,9.0,3.0,12,97.587,31.207,42.653,23.727,2023,1,R
SAI,55,Ferrari,42.0,3.0,HARD,11.0,3.0,1,97.375,31.107,42.449,23.819,2023,1,R
SAI,55,Ferrari,43.0,3.0,HARD,12.0,3.0,1,97.294,31.141,42.431,23.722,2023,1,R
SAI,55,Ferrari,44.0,3.0,HARD,13.0,3.0,1,97.389,31.2,42.482,23.707,2023,1,R
SAI,55,Ferrari,45.0,3.0,HARD,14.0,4.0,1,99.561,31.572,43.669,24.32,2023,1,R
SAI,55,Ferrari,46.0,3.0,HARD,15.0,4.0,1,97.844,30.975,42.701,24.168,2023,1,R
SAI,55,Ferrari,47.0,3.0,HARD,16.0,4.0,1,98.222,31.548000000000002,42.699,23.975,2023,1,R
SAI,55,Ferrari,48.0,3.0,HARD,17.0,4.0,1,97.897,31.407,42.577,23.913,2023,1,R
SAI,55,Ferrari,49.0,3.0,HARD,18.0,4.0,1,97.765,31.407,42.49,23.868,2023,1,R
SAI,55,Ferrari,50.0,3.0,HARD,19.0,4.0,1,97.604,31.261,42.436,23.907,2023,1,R
SAI,55,Ferrari,51.0,3.0,HARD,20.0,4.0,1,97.672,31.269,42.491,23.912,2023,1,R
SAI,55,Ferrari,52.0,3.0,HARD,21.0,4.0,1,97.49,31.184,42.381,23.925,2023,1,R
SAI,55,Ferrari,53.0,3.0,HARD,22.0,4.0,1,97.66,31.248,42.531,23.881,2023,1,R
SAI,55,Ferrari,54.0,3.0,HARD,23.0,4.0,1,97.694,31.234,42.543,23.917,2023,1,R
SAI,55,Ferrari,55.0,3.0,HARD,24.0,4.0,1,97.821,31.31,42.638,23.873,2023,1,R
SAI,55,Ferrari,56.0,3.0,HARD,25.0,4.0,1,98.126,31.403,42.736,23.987,2023,1,R
SAI,55,Ferrari,57.0,3.0,HARD,26.0,4.0,1,98.021,31.244,42.749,24.028,2023,1,R
RUS,63,Mercedes,2.0,1.0,SOFT,5.0,6.0,21,99.59,31.709,43.468,24.413,2023,1,R
RUS,63,Mercedes,3.0,1.0,SOFT,6.0,6.0,1,99.093,31.218,43.416,24.459,2023,1,R
RUS,63,Mercedes,4.0,1.0,SOFT,7.0,6.0,1,99.261,31.267,43.497,24.497,2023,1,R
RUS,63,Mercedes,5.0,1.0,SOFT,8.0,6.0,1,99.549,31.367,43.763,24.419,2023,1,R
RUS,63,Mercedes,6.0,1.0,SOFT,9.0,6.0,1,99.493,31.196,43.619,24.678,2023,1,R
RUS,63,Mercedes,7.0,1.0,SOFT,10.0,6.0,1,100.056,31.589,43.827,24.64,2023,1,R
RUS,63,Mercedes,8.0,1.0,SOFT,11.0,6.0,1,100.31,31.522,44.119,24.669,2023,1,R
RUS,63,Mercedes,9.0,1.0,SOFT,12.0,6.0,1,100.42,31.652,44.022,24.746,2023,1,R
RUS,63,Mercedes,10.0,1.0,SOFT,13.0,6.0,1,100.532,31.699,44.074,24.759,2023,1,R
RUS,63,Mercedes,11.0,1.0,SOFT,14.0,6.0,1,101.085,31.772,44.52,24.793,2023,1,R
RUS,63,Mercedes,12.0,1.0,SOFT,15.0,5.0,1,101.112,32.023,44.122,24.967,2023,1,R
RUS,63,Mercedes,15.0,2.0,HARD,2.0,9.0,1,97.46,30.812,42.616,24.032,2023,1,R
RUS,63,Mercedes,16.0,2.0,HARD,3.0,8.0,1,97.833,30.88,42.883,24.07,2023,1,R
RUS,63,Mercedes,17.0,2.0,HARD,4.0,8.0,1,98.604,30.903,43.462,24.239,2023,1,R
RUS,63,Mercedes,18.0,2.0,HARD,5.0,7.0,1,98.427,30.995,43.299,24.133,2023,1,R
RUS,63,Mercedes,19.0,2.0,HARD,6.0,7.0,1,98.512,31.276,43.188,24.048,2023,1,R
RUS,63,Mercedes,20.0,2.0,HARD,7.0,7.0,1,98.578,31.282,43.216,24.08,2023,1,R
RUS,63,Mercedes,21.0,2.0,HARD,8.0,7.0,1,98.555,31.287,43.084,24.184,2023,1,R
RUS,63,Mercedes,22.0,2.0,HARD,9.0,7.0,1,98.438,31.313,42.999,24.126,2023,1,R
RUS,63,Mercedes,23.0,2.0,HARD,10.0,7.0,1,98.773,31.278,43.405,24.09,2023,1,R
RUS,63,Mercedes,24.0,2.0,HARD,11.0,7.0,1,98.643,31.298,43.348,23.997,2023,1,R
RUS,63,Mercedes,25.0,2.0,HARD,12.0,7.0,1,98.487,31.311,43.056,24.12,2023,1,R
RUS,63,Mercedes,26.0,2.0,HARD,13.0,7.0,1,98.462,31.334,43.033,24.095,2023,1,R
RUS,63,Mercedes,27.0,2.0,HARD,14.0,7.0,1,98.625,31.393,43.152,24.08,2023,1,R
RUS,63,Mercedes,28.0,2.0,HARD,15.0,7.0,1,98.448,31.233,43.103,24.112,2023,1,R
RUS,63,Mercedes,29.0,2.0,HARD,16.0,7.0,1,98.792,31.476,43.264,24.052,2023,1,R
RUS,63,Mercedes,30.0,2.0,HARD,17.0,7.0,1,98.541,31.301,43.18,24.06,2023,1,R
RUS,63,Mercedes,33.0,3.0,HARD,2.0,8.0,1,97.221,30.915,42.756,23.55,2023,1,R
RUS,63,Mercedes,34.0,3.0,HARD,3.0,8.0,1,97.311,30.975,42.685,23.651,2023,1,R
RUS,63,Mercedes,35.0,3.0,HARD,4.0,8.0,1,97.592,30.949,42.96,23.683,2023,1,R
RUS,63,Mercedes,36.0,3.0,HARD,5.0,8.0,1,97.607,30.979,42.831,23.797,2023,1,R
RUS,63,Mercedes,37.0,3.0,HARD,6.0,8.0,1,97.822,31.049,43.002,23.771,2023,1,R
RUS,63,Mercedes,38.0,3.0,HARD,7.0,8.0,1,97.66,30.994,42.854,23.812,2023,1,R
RUS,63,Mercedes,39.0,3.0,HARD,8.0,8.0,1,97.495,30.971,42.712,23.812,2023,1,R
RUS,63,Mercedes,43.0,3.0,HARD,12.0,7.0,1,97.48,30.954,42.679,23.847,2023,1,R
RUS,63,Mercedes,44.0,3.0,HARD,13.0,7.0,1,97.597,31.11,42.611,23.876,2023,1,R
RUS,63,Mercedes,45.0,3.0,HARD,14.0,7.0,1,97.316,30.892,42.59,23.834,2023,1,R
RUS,63,Mercedes,46.0,3.0,HARD,15.0,7.0,1,97.571,30.999,42.734,23.838,2023,1,R
RUS,63,Mercedes,47.0,3.0,HARD,16.0,7.0,1,97.432,31.049,42.436,23.947,2023,1,R
RUS,63,Mercedes,48.0,3.0,HARD,17.0,7.0,1,97.52,31.101,42.509,23.91,2023,1,R
RUS,63,Mercedes,49.0,3.0,HARD,18.0,7.0,1,97.718,31.097,42.623,23.998,2023,1,R
RUS,63,Mercedes,50.0,3.0,HARD,19.0,7.0,1,97.383,31.014,42.413,23.956,2023,1,R
RUS,63,Mercedes,51.0,3.0,HARD,20.0,7.0,1,97.825,31.187,42.705,23.933,2023,1,R
RUS,63,Mercedes,52.0,3.0,HARD,21.0,7.0,1,97.589,31.107,42.517,23.965,2023,1,R
RUS,63,Mercedes,53.0,3.0,HARD,22.0,7.0,1,97.841,31.065,42.707,24.069,2023,1,R
RUS,63,Mercedes,54.0,3.0,HARD,23.0,7.0,1,97.923,31.192,42.658,24.073,2023,1,R
RUS,63,Mercedes,55.0,3.0,HARD,24.0,7.0,1,97.86,31.118,42.621,24.121,2023,1,R
RUS,63,Mercedes,56.0,3.0,HARD,25.0,7.0,1,97.636,30.961,42.593,24.082,2023,1,R
RUS,63,Mercedes,57.0,3.0,HARD,26.0,7.0,1,97.767,31.077,42.54,24.15,2023,1,R
BOT,77,Alfa Romeo,2.0,1.0,SOFT,2.0,8.0,21,99.956,31.722,43.495,24.739,2023,1,R
BOT,77,Alfa Romeo,3.0,1.0,SOFT,3.0,8.0,1,99.397,31.428,43.378,24.591,2023,1,R
BOT,77,Alfa Romeo,4.0,1.0,SOFT,4.0,8.0,1,99.823,31.568,43.543,24.712,2023,1,R
BOT,77,Alfa Romeo,5.0,1.0,SOFT,5.0,9.0,1,101.033,32.204,44.132,24.697,2023,1,R
BOT,77,Alfa Romeo,6.0,1.0,SOFT,6.0,9.0,1,100.265,31.687,43.789,24.789,2023,1,R
BOT,77,Alfa Romeo,8.0,1.0,SOFT,8.0,9.0,1,100.387,31.864,43.791,24.732,2023,1,R
BOT,77,Alfa Romeo,9.0,1.0,SOFT,9.0,9.0,1,100.275,31.936,43.661,24.678,2023,1,R
BOT,77,Alfa Romeo,10.0,1.0,SOFT,10.0,9.0,1,100.676,31.929,43.981,24.766,2023,1,R
BOT,77,Alfa Romeo,13.0,2.0,HARD,2.0,10.0,1,98.03,31.273,42.523,24.234,2023,1,R
BOT,77,Alfa Romeo,14.0,2.0,HARD,3.0,8.0,1,98.098,31.122,42.799,24.177,2023,1,R
BOT,77,Alfa Romeo,15.0,2.0,HARD,4.0,7.0,1,98.851,31.469,43.076,24.306,2023,1,R
BOT,77,Alfa Romeo,16.0,2.0,HARD,5.0,6.0,1,98.494,31.299,43.018,24.177,2023,1,R
BOT,77,Alfa Romeo,17.0,2.0,HARD,6.0,7.0,1,99.973,32.034,43.463,24.476,2023,1,R
BOT,77,Alfa Romeo,18.0,2.0,HARD,7.0,8.0,1,100.24,31.682,43.946,24.612,2023,1,R
BOT,77,Alfa Romeo,19.0,2.0,HARD,8.0,8.0,1,99.497,31.65,43.373,24.474,2023,1,R
BOT,77,Alfa Romeo,20.0,2.0,HARD,9.0,9.0,1,100.442,31.91,43.979,24.553,2023,1,R
BOT,77,Alfa Romeo,21.0,2.0,HARD,10.0,9.0,1,99.355,31.576999999999998,43.366,24.412,2023,1,R
BOT,77,Alfa Romeo,22.0,2.0,HARD,11.0,9.0,1,99.356,31.591,43.332,24.433,2023,1,R
BOT,77,Alfa Romeo,23.0,2.0,HARD,12.0,9.0,1,99.311,31.711,43.197,24.403,2023,1,R
BOT,77,Alfa Romeo,24.0,2.0,HARD,13.0,9.0,1,99.427,31.731,43.277,24.419,2023,1,R
BOT,77,Alfa Romeo,25.0,2.0,HARD,14.0,9.0,1,99.49,31.785,43.253,24.452,2023,1,R
BOT,77,Alfa Romeo,26.0,2.0,HARD,15.0,9.0,1,99.5,31.813,43.256,24.431,2023,1,R
BOT,77,Alfa Romeo,27.0,2.0,HARD,16.0,9.0,1,99.287,31.712,43.177,24.398,2023,1,R
BOT,77,Alfa Romeo,28.0,2.0,HARD,17.0,9.0,1,99.016,31.753,42.963,24.3,2023,1,R
BOT,77,Alfa Romeo,31.0,3.0,HARD,2.0,10.0,1,97.379,31.079,42.337,23.963,2023,1,R
BOT,77,Alfa Romeo,32.0,3.0,HARD,3.0,9.0,1,97.675,31.059,42.59,24.026,2023,1,R
BOT,77,Alfa Romeo,33.0,3.0,HARD,4.0,9.0,1,97.775,31.243,42.542,23.99,2023,1,R
BOT,77,Alfa Romeo,34.0,3.0,HARD,5.0,9.0,1,97.774,31.317,42.525,23.932,2023,1,R
BOT,77,Alfa Romeo,35.0,3.0,HARD,6.0,9.0,1,97.817,31.277,42.617,23.923000000000002,2023,1,R
BOT,77,Alfa Romeo,36.0,3.0,HARD,7.0,9.0,1,97.827,31.342,42.528,23.957,2023,1,R
BOT,77,Alfa Romeo,37.0,3.0,HARD,8.0,9.0,1,97.774,31.238,42.584,23.951999999999998,2023,1,R
BOT,77,Alfa Romeo,38.0,3.0,HARD,9.0,9.0,1,97.658,31.311,42.406,23.941,2023,1,R
BOT,77,Alfa Romeo,39.0,3.0,HARD,10.0,9.0,1,97.784,31.376,42.467,23.941,2023,1,R
BOT,77,Alfa Romeo,42.0,3.0,HARD,13.0,8.0,1,97.736,31.22,42.609,23.907,2023,1,R
BOT,77,Alfa Romeo,43.0,3.0,HARD,14.0,8.0,1,97.813,31.253,42.525,24.035,2023,1,R
BOT,77,Alfa Romeo,44.0,3.0,HARD,15.0,8.0,1,97.868,31.392,42.601,23.875,2023,1,R
BOT,77,Alfa Romeo,45.0,3.0,HARD,16.0,8.0,1,97.688,31.254,42.539,23.895,2023,1,R
BOT,77,Alfa Romeo,46.0,3.0,HARD,17.0,8.0,1,97.83,31.384,42.473,23.973,2023,1,R
BOT,77,Alfa Romeo,47.0,3.0,HARD,18.0,8.0,1,97.815,31.325,42.508,23.982,2023,1,R
BOT,77,Alfa Romeo,48.0,3.0,HARD,19.0,8.0,1,97.5,31.316,42.265,23.919,2023,1,R
BOT,77,Alfa Romeo,49.0,3.0,HARD,20.0,8.0,1,97.85,31.434,42.484,23.932,2023,1,R
BOT,77,Alfa Romeo,50.0,3.0,HARD,21.0,8.0,1,97.71,31.491,42.241,23.978,2023,1,R
BOT,77,Alfa Romeo,51.0,3.0,HARD,22.0,8.0,1,97.816,31.383,42.463,23.97,2023,1,R
BOT,77,Alfa Romeo,52.0,3.0,HARD,23.0,8.0,1,97.947,31.512,42.44,23.995,2023,1,R
BOT,77,Alfa Romeo,53.0,3.0,HARD,24.0,8.0,1,97.856,31.458,42.413,23.985,2023,1,R
BOT,77,Alfa Romeo,54.0,3.0,HARD,25.0,8.0,1,97.738,31.461,42.3,23.977,2023,1,R
BOT,77,Alfa Romeo,55.0,3.0,HARD,26.0,8.0,1,97.807,31.526,42.257,24.024,2023,1,R
BOT,77,Alfa Romeo,56.0,3.0,HARD,27.0,8.0,1,98.16,31.687,42.384,24.089,2023,1,R
BOT,77,Alfa Romeo,57.0,3.0,HARD,28.0,8.0,1,98.407,31.543,42.623,24.241,2023,1,R
PIA,81,McLaren,2.0,1.0,SOFT,2.0,16.0,21,100.83,32.185,43.977,24.668,2023,1,R
PIA,81,McLaren,3.0,1.0,SOFT,3.0,16.0,1,100.691,31.877,43.986,24.828,2023,1,R
PIA,81,McLaren,4.0,1.0,SOFT,4.0,16.0,1,100.718,31.831,44.079,24.808,2023,1,R
PIA,81,McLaren,5.0,1.0,SOFT,5.0,16.0,1,100.862,31.846,44.06,24.956,2023,1,R
PIA,81,McLaren,6.0,1.0,SOFT,6.0,16.0,1,101.111,31.694,44.425,24.992,2023,1,R
PIA,81,McLaren,7.0,1.0,SOFT,7.0,16.0,1,101.167,31.716,44.471,24.98,2023,1,R
PIA,81,McLaren,8.0,1.0,SOFT,8.0,16.0,1,101.295,31.665,44.59,25.04,2023,1,R
PIA,81,McLaren,9.0,1.0,SOFT,9.0,16.0,1,101.534,31.989,44.548,24.997,2023,1,R
PIA,81,McLaren,10.0,1.0,SOFT,10.0,16.0,1,101.584,31.779,44.617,25.188,2023,1,R
PIA,81,McLaren,11.0,1.0,SOFT,11.0,13.0,1,101.352,31.894,44.557,24.901,2023,1,R
PIA,81,McLaren,12.0,1.0,SOFT,12.0,11.0,1,101.156,32.1,44.235,24.821,2023,1,R
